Workbook

Sheet sheet1
A1: MSKU | B1: FNSKU | C1: SKU | D1: SKC | E1: ASIN | F1: 品质 | G1: 状态 | H1: 父ASIN | I1: 标题 | J1: 店铺 | K1: 国家 | L1: 配送方式 | M1: 亚马逊品牌 | N1: 变体属性 | O1: 品名 | P1: 分类 | Q1: 本地品牌 | R1: 商品标签 | S1: 创建时间 | T1: 开售时间
A2: R01500203JBK | B2: B07193Z9X6 | C2: DB-SJ02-2-0000137 | D2: =_xlfn.XLOOKUP(C2,[1]单个产品!$A:$A,[1]单个产品!$F:$F) -> LD-PZ-SM-BZ-02-050 | E2: B07193Z9X6 | F2: =_xlfn.XLOOKUP(C2,[1]单个产品!$A:$A,[1]单个产品!$U:$U) -> 标准 | G2: 在售 | H2: B07JZY66ZK | I2: VATIN 6mm Double Faced Black Polyester Satin Ribbon - 45 Metre for Gift Wrapping Ornaments Party Favor Braids Baby Shower Decoration Floral Arrangement Craft Supplies | J2: VATIN-UK | K2: 英国 | L2: FBA | M2: VATIN | N2: [size:6mm X 45 Metres];[color:Red] | O2: 涤纶带-普通织边-双面织-标准-2分-50码-Black | P2: 丝带\胚染\涤纶带 | R2: 维护 | S2: 2020-04-30 19:03:54 +01:00
A3: RTEST01 | B3: X0016ADFUX | C3: 3DB-SJ02-2-0000151 | D3: =_xlfn.XLOOKUP(C3,[1]单个产品!$A:$A,[1]单个产品!$F:$F) -> #N/A | E3: B07RPF74TF | F3: =_xlfn.XLOOKUP(C3,[1]单个产品!$A:$A,[1]单个产品!$U:$U) -> #N/A | G3: 在售 | H3: B07JZY66ZK | I3: VATIN Solid Color Double Faced Polyester Satin Ribbon 10 Colors 10mm X 4.5m Each Total 45 Metre Per Package Ribbon Set, Perfect for Gift Wrapping, Hair Bow, Trimming, Sewing and Other Craft Projects | J3: VATIN-UK | K3: 英国 | L3: FBA | M3: VATIN | N3: [size:10mm X 45 Metres];[color:Set #7] | O3: 涤纶带-双面-不带边-标准-3分-5Y-10卷-Mix Color | P3: 丝带\胚染\涤纶带 | R3: 维护,战略 | S3: 2020-04-28 07:04:26 +01:00
A4: 3DB-SJ02-2-0001502 | B4: X0025ZGZYB | C4: 3DB-SJ02-2-0001502 | D4: =_xlfn.XLOOKUP(C4,[1]单个产品!$A:$A,[1]单个产品!$F:$F) -> LD-PZ-SM-BZ-02-050 | E4: B0D7PZJCQV | F4: =_xlfn.XLOOKUP(C4,[1]单个产品!$A:$A,[1]单个产品!$U:$U) -> 标准 | G4: 停售 | H4: B07JZY66ZK | I4: VATIN Double Face Ivory Satin Ribbon 1/4" Continuous 50 Yards,Ivory Polyester Fabric Ribbon use for Bows Bouquet, Gift Wrapping, Floral Arrangement Wedding Decoration | J4: VATIN-UK | K4: 英国 | L4: FBA | M4: VATIN | N4: [size:1/4" X 50 Yards];[color:Ivory] | O4: 涤纶带-普通织边-双面织-标准-2分-50码-Ivory | P4: 丝带\胚染\涤纶带 | R4: 新变体 | S4: 2024-11-01 01:40:48 +00:00
A5: R01500202JWT | B5: B0716JJ5J1 | C5: DB-SJ08-0-0000122 | D5: =_xlfn.XLOOKUP(C5,[1]单个产品!$A:$A,[1]单个产品!$F:$F) -> DL-LW-PZ-BZ-02-050 | E5: B0716JJ5J1 | F5: =_xlfn.XLOOKUP(C5,[1]单个产品!$A:$A,[1]单个产品!$U:$U) -> 标准 | G5: 在售 | H5: B08F9SSDKB | I5: VATIN Solid 6mm X 45 Metres White Grosgrain Ribbon 23 Metres Each Roll Perfect for Crafts, Wedding Decor, DIY Hair Accessories, Sewing, Gift Package Wrapping and More | J5: VATIN-UK | K5: 英国 | L5: FBA | M5: VATIN | N5: [size:6 mm X 45 Metre];[color:White] | O5: 涤纶-罗纹带-普通织边-标准-2分-50码-White | P5: 丝带\胚染\罗纹带 | R5: 维护 | S5: 2020-04-30 16:04:50 +01:00
A6: DB-SJ02-2-0000148 | B6: X0016DNX11 | C6: DB-SJ02-2-0000148 | D6: =_xlfn.XLOOKUP(C6,[1]单个产品!$A:$A,[1]单个产品!$F:$F) -> LD-PZ-SM-BZ-05-025 | E6: B07RS49ZDV | F6: =_xlfn.XLOOKUP(C6,[1]单个产品!$A:$A,[1]单个产品!$U:$U) -> 标准 | G6: 在售 | H6: B07JZY66ZK | I6: VATIN 16mm Double Faced Polyester Deep Navy Blue Satin Ribbon - 23 Metre Spool, Perfect for Wedding Decor, Wreath, Baby Shower,Gift Package Wrapping and Other Projects | J6: VATIN-UK | K6: 英国 | L6: FBA | M6: VATIN | N6: [size:16mm X 23 Metres];[color:Deep Navy] | O6: 涤纶带-普通织边-双面织-标准-5分-25码-Dk.Navy | P6: 丝带\胚染\涤纶带 | R6: 维护 | S6: 2020-04-28 07:04:26 +01:00
A7: 3DB-SJ02-2-0000282 | B7: X0016BDN1X | C7: 3DB-SJ02-2-0000282 | D7: =_xlfn.XLOOKUP(C7,[1]单个产品!$A:$A,[1]单个产品!$F:$F) -> LD-PZ-SM-BZ-07-025 | E7: B086C7B3FW | F7: =_xlfn.XLOOKUP(C7,[1]单个产品!$A:$A,[1]单个产品!$U:$U) -> 标准 | G7: 在售 | H7: B07JZY66ZK | I7: VATIN 22mm Double Faced Polyester Satin Ribbon Wine - 23 Metre/Spool, Perfect for Wedding Decor, Wreath, Baby Shower,Gift Package Wrapping and Other Projects | J7: VATIN-UK | K7: 英国 | L7: FBA | M7: VATIN | N7: [size:22mm X 23 Metres];[color:Wine] | O7: 涤纶带-普通织边-双面织-标准-7分-25码-Wine | P7: 丝带\胚染\涤纶带 | R7: 维护 | S7: 2020-04-30 08:54:51 +01:00
A8: R01500303JWT | B8: B0722PS3XT | C8: DB-SJ02-2-0000121 | D8: =_xlfn.XLOOKUP(C8,[1]单个产品!$A:$A,[1]单个产品!$F:$F) -> LD-PZ-SM-BZ-03-050 | E8: B0722PS3XT | F8: =_xlfn.XLOOKUP(C8,[1]单个产品!$A:$A,[1]单个产品!$U:$U) -> 标准 | G8: 停售 | H8: B07JZY66ZK | I8: VATIN 10mm Double Faced White Polyester Satin Ribbon - 45 Metre for Gift Wrapping Ornaments Party Favor Braids Baby Shower Decoration Floral Arrangement Craft Supplies | J8: VATIN-UK | K8: 英国 | L8: FBA | M8: VATIN | N8: [size:10mm X 45 Metres];[color:White] | O8: 涤纶带-普通织边-双面织-标准-3分-50码-White | P8: 丝带\胚染\涤纶带 | R8: 维护 | S8: 2020-04-30 10:03:09 +01:00
A9: R04250803JBK | B9: X0016BF01T | C9: DB-SJ02-2-0000140 | D9: =_xlfn.XLOOKUP(C9,[1]单个产品!$A:$A,[1]单个产品!$F:$F) -> LD-PZ-SM-BZ-08-025 | E9: B079K8CB4P | F9: =_xlfn.XLOOKUP(C9,[1]单个产品!$A:$A,[1]单个产品!$U:$U) -> 标准 | G9: 在售 | H9: B07JZY66ZK | I9: VATIN 25mm Double Faced Polyester Satin Ribbon Black - 23 Metre/Spool, Perfect for Wedding, Wreath, Baby Shower,Packing and Other Projects. | J9: VATIN-UK | K9: 英国 | L9: FBA | M9: VATIN | N9: [size:25mm X 23 Metres];[color:Black] | O9: 涤纶带-普通织边-双面织-标准-8分-25码-Black | P9: 丝带\胚染\涤纶带 | R9: 维护 | S9: 2020-04-30 10:39:35 +01:00
A10: R04250803JNB | B10: X0016DM0P1 | C10: DB-SJ02-2-0000112 | D10: =_xlfn.XLOOKUP(C10,[1]单个产品!$A:$A,[1]单个产品!$F:$F) -> LD-PZ-SM-BZ-08-025 | E10: B079K8Q5V3 | F10: =_xlfn.XLOOKUP(C10,[1]单个产品!$A:$A,[1]单个产品!$U:$U) -> 标准 | G10: 在售 | H10: B07JZY66ZK | I10: VATIN 25mm Double Faced Polyester Satin Ribbon Deep Navy Blue - 23 Metre/Spool, Perfect for Wedding, Wreath, Baby Shower,Packing and Other Projects. | J10: VATIN-UK | K10: 英国 | L10: FBA | M10: VATIN | N10: [size:25mm X 23 Metres];[color:Deep Navy] | O10: 涤纶带-普通织边-双面织-标准-8分-25码-Dk.Navy | P10: 丝带\胚染\涤纶带 | R10: 维护 | S10: 2020-04-30 10:39:35 +01:00
A11: R04100305JBK | B11: X0016AKW6N | C11: DB-SJ09-1-0000001 | D11: =_xlfn.XLOOKUP(C11,[1]单个产品!$A:$A,[1]单个产品!$F:$F) -> NL-SR-PZ-DM-BZ-03-010 | E11: B079K8S2J6 | F11: =_xlfn.XLOOKUP(C11,[1]单个产品!$A:$A,[1]单个产品!$U:$U) -> 标准 | G11: 在售 | H11: B0DFLS549K | I11: VATIN 10mm Wide Crushed Velvet Ribbons by Yards Spool, Black,Perfect use for Choker. | J11: VATIN-UK | K11: 英国 | L11: FBA | M11: VATIN | N11: [size:10MM];[color:Black] | O11: 尼龙-丝绒带-普通织边-单面织-标准-3分-10码-Black | P11: 丝带\胚染\丝绒带 | R11: 维护,Q1,Q4 | S11: 2020-04-28 15:37:12 +01:00
A12: DB-SJ02-2-0000150 | B12: X0016ADFVH | C12: DB-SJ02-2-0000150 | D12: =_xlfn.XLOOKUP(C12,[1]单个产品!$A:$A,[1]单个产品!$F:$F) -> LD-PZ-SM-BZ-05-025 | E12: B07RWMSXSG | F12: =_xlfn.XLOOKUP(C12,[1]单个产品!$A:$A,[1]单个产品!$U:$U) -> 标准 | G12: 在售 | H12: B07JZY66ZK | I12: VATIN 16mm Double Faced Polyester Black Satin Ribbon - 23 Metre Spool, Perfect for Wedding Decor, Wreath, Baby Shower, Bridal Shower, Hair Bow, Gift Package Wrapping & Other Projects | J12: VATIN-UK | K12: 英国 | L12: FBA | M12: VATIN | N12: [size:16mm X 23 Metres];[color:Black] | O12: 涤纶带-普通织边-双面织-标准-5分-25码-Black | P12: 丝带\胚染\涤纶带 | R12: 维护 | S12: 2020-04-28 07:04:26 +01:00
A13: DB-SJ02-2-0000143-N | B13: X0016AAYRF | C13: DB-SJ02-2-0000143 | D13: =_xlfn.XLOOKUP(C13,[1]单个产品!$A:$A,[1]单个产品!$F:$F) -> LD-PZ-SM-BZ-05-025 | E13: B07RWV8DBY | F13: =_xlfn.XLOOKUP(C13,[1]单个产品!$A:$A,[1]单个产品!$U:$U) -> 标准 | G13: 在售 | H13: B07JZY66ZK | I13: VATIN 16mm Double Faced Polyester White Satin Ribbon - 23 Metre Spool, Perfect for Wedding Decor, Wreath, Baby Shower,Gift Package Wrapping and Other Projects | J13: VATIN-UK | K13: 英国 | L13: FBA | M13: VATIN | N13: [size:16mm X 23 Metres];[color:White] | O13: 涤纶带-普通织边-双面织-标准-5分-25码-White | P13: 丝带\胚染\涤纶带 | R13: 维护 | S13: 2020-04-28 07:04:26 +01:00
... A26: 3DB-SJ02-2-0000194 | B26: X0016A67IZ | C26: 3DB-SJ02-2-0000194 | D26: =_xlfn.XLOOKUP(C26,[1]单个产品!$A:$A,[1]单个产品!$F:$F) -> LD-PZ-SM-BZ-02-050 | E26: B07TQ78BHR | F26: =_xlfn.XLOOKUP(C26,[1]单个产品!$A:$A,[1]单个产品!$U:$U) -> 标准 | G26: 在售 | H26: B07JZY66ZK | I26: VATIN 6mm Double Faced Autumn Orange Polyester Satin Ribbon - 45 Metre for Gift Wrapping Ornaments Party Favor Braids Baby Shower Decoration Floral Arrangement Craft Supplies | J26: VATIN-UK | K26: 英国 | L26: FBA | M26: VATIN | N26: [size:6mm X 45 Metres];[color:Autumn Orange] | O26: 涤纶带-普通织边-双面织-标准-2分-50码-Autumn Orange | P26: 丝带\胚染\涤纶带 | R26: 新变体 | S26: 2020-04-28 07:04:26 +01:00
A27: R01500203JWT | B27: B07259J6HH | C27: DB-SJ02-2-0000109 | D27: =_xlfn.XLOOKUP(C27,[1]单个产品!$A:$A,[1]单个产品!$F:$F) -> LD-PZ-SM-BZ-02-050 | E27: B07259J6HH | F27: =_xlfn.XLOOKUP(C27,[1]单个产品!$A:$A,[1]单个产品!$U:$U) -> 标准 | G27: 在售 | H27: B07259J6HH | I27: VATIN 6mm Double Faced White Polyester Satin Ribbon - 45 Metre for Gift Wrapping Ornaments Party Favor Braids Baby Shower Decoration Floral Arrangement Craft Supplies | J27: VATIN-UK | K27: 英国 | L27: FBA | M27: VATIN | O27: 涤纶带-普通织边-双面织-标准-2分-50码-White | P27: 丝带\胚染\涤纶带 | R27: 维护,战略 | S27: 2020-05-04 10:45:25 +01:00
A28: 3DB-SJ02-2-0000229 | B28: X0016AE0VB | C28: 3DB-SJ02-2-0000229 | D28: =_xlfn.XLOOKUP(C28,[1]单个产品!$A:$A,[1]单个产品!$F:$F) -> LD-PZ-SM-BZ-16-025 | E28: B0836LD13H | F28: =_xlfn.XLOOKUP(C28,[1]单个产品!$A:$A,[1]单个产品!$U:$U) -> 标准 | G28: 在售 | H28: B07JZY66ZK | I28: VATIN 50mm Solid Black Double Faced Polyester Satin Ribbon for Craft, Gift Wrapping, Hair Bow, Wedding Deco 23 Metre/Spool | J28: VATIN-UK | K28: 英国 | L28: FBA | M28: VATIN | N28: [size:50mm X 23 Metres];[color:Black] | O28: 涤纶带-普通织边-双面织-标准-16分-25码-Black | P28: 丝带\胚染\涤纶带 | R28: 维护 | S28: 2020-04-28 07:04:26 +01:00
A29: 3DB-SJ02-2-0000159 | B29: X0016BAP7D | C29: 3DB-SJ02-2-0000159 | D29: =_xlfn.XLOOKUP(C29,[1]单个产品!$A:$A,[1]单个产品!$F:$F) -> LD-PZ-SM-BZ-08-025 | E29: B07TLYJ212 | F29: =_xlfn.XLOOKUP(C29,[1]单个产品!$A:$A,[1]单个产品!$U:$U) -> 标准 | G29: 在售 | H29: B07JZY66ZK | I29: VATIN 25mm Double Faced Polyester Satin Ribbon Wine - 23 Metre/Spool, Perfect for Wedding, Wreath, Baby Shower,Packing and Other Projects | J29: VATIN-UK | K29: 英国 | L29: FBA | M29: VATIN | N29: [size:25mm X 23 Metres];[color:Wine] | O29: 涤纶带-普通织边-双面织-标准-8分-25码-Wine | P29: 丝带\胚染\涤纶带 | R29: 维护 | S29: 2020-04-30 10:39:35 +01:00
A30: 3DB-SJ01-1-0000080 | B30: X001QEVXL7 | C30: 3DB-SJ01-1-0000080 | D30: =_xlfn.XLOOKUP(C30,[1]单个产品!$A:$A,[1]单个产品!$F:$F) -> DL-DD-PZ-DM-BZ-12-025 | E30: B0BX9Q4JNV | F30: =_xlfn.XLOOKUP(C30,[1]单个产品!$A:$A,[1]单个产品!$U:$U) -> 标准 | G30: 停售 | H30: B0BX9G9V6V | I30: VATIN Dark Green Satin Ribbon Polyester 40mm X 23m(25 Yards) Craft Fabric Ribbon Perfect for Gift Wrapping, Hair Bow,Party Balloon Trimming, Cake Decoration Sewing and Other Craft Projects | J30: VATIN-UK | K30: 英国 | L30: FBA | M30: VATIN | N30: [size:40mm X 23 Meters];[color:Dark green] | O30: 涤纶-缎带-普通织边-单面织-标准-12分-25码-Dk.Green | P30: 丝带\胚染\缎带 | R30: 维护 | S30: 2023-03-03 02:01:37 +00:00
A31: 3DB-SJ08-0-0001057 | B31: X0025IP8HD | C31: 3DB-SJ08-0-0001057 | D31: =_xlfn.XLOOKUP(C31,[1]单个产品!$A:$A,[1]单个产品!$F:$F) -> DL-LW-PZ-BZ-03-050 | E31: B0DJGBZSDL | F31: =_xlfn.XLOOKUP(C31,[1]单个产品!$A:$A,[1]单个产品!$U:$U) -> 标准 | G31: 在售 | H31: B0DJGBZSDL | I31: VATIN Solid 10 mm X 45 Metres Royal Blue Grosgrain Ribbon 45 Metres Each Roll Perfect for Crafts, Wedding Decor, DIY Hair Accessories, Sewing, Gift Package Wrapping and More | J31: VATIN-UK | K31: 英国 | L31: FBA | M31: VATIN | O31: 涤纶-罗纹带-普通织边-标准-3分-50码-Royal | P31: 丝带\胚染\罗纹带 | R31: 维护 | S31: 2024-10-14 04:01:20 +01:00
A32: 3DB-SJ08-0-0001063 | B32: X0025IQK6L | C32: 3DB-SJ08-0-0001063 | D32: =_xlfn.XLOOKUP(C32,[1]单个产品!$A:$A,[1]单个产品!$F:$F) -> DL-LW-PZ-BZ-03-050 | E32: B0DJGB7WSB | F32: =_xlfn.XLOOKUP(C32,[1]单个产品!$A:$A,[1]单个产品!$U:$U) -> 标准 | G32: 在售 | H32: B08F9SSDKB | I32: VATIN Solid 10 mm X 45 Metres Orange Grosgrain Ribbon 45 Metres Each Roll Perfect for Crafts, Wedding Decor, DIY Hair Accessories, Sewing, Gift Package Wrapping and More | J32: VATIN-UK | K32: 英国 | L32: FBA | M32: VATIN | N32: [size:10 mm X 45 Metre];[color:Orange] | O32: 涤纶-罗纹带-普通织边-标准-3分-50码-Orange | P32: 丝带\胚染\罗纹带 | R32: 维护 | S32: 2024-10-14 04:01:20 +01:00
A33: 3DB-SJ14-0-0000616 | B33: X001SDDYU9 | C33: 3DB-SJ14-0-0000616 | D33: =_xlfn.XLOOKUP(C33,[1]单个产品!$A:$A,[1]单个产品!$F:$F) -> LD-SZ-SM-BZ-03-050 | E33: B0BRSGQCYJ | F33: =_xlfn.XLOOKUP(C33,[1]单个产品!$A:$A,[1]单个产品!$U:$U) -> 标准 | G33: 在售 | H33: B0CDRRTTHC | I33: VATIN Double Faced Satin Ribbon 10mm Emerald Green with Gold Edge Continuous 45 Metre for Decoration, Craft, Gift Wrappping Wedding Card Decoration | J33: VATIN-UK | K33: 英国 | L33: FBA | M33: VATIN | N33: [size:10mm X 45 Metres];[color:Emerald Green] | O33: 涤纶带-特殊织边-双面织-标准-3分-50码-Emerald & Gold | P33: 丝带\胚染\涤纶带 | S33: 2023-05-26 06:10:41 +01:00
A34: 3DB-SJ01-1-0000072 | B34: X001QEVXKX | C34: 3DB-SJ01-1-0000072 | D34: =_xlfn.XLOOKUP(C34,[1]单个产品!$A:$A,[1]单个产品!$F:$F) -> DL-DD-PZ-DM-BZ-12-025 | E34: B0BX9P7GL2 | F34: =_xlfn.XLOOKUP(C34,[1]单个产品!$A:$A,[1]单个产品!$U:$U) -> 标准 | G34: 在售 | H34: B0BX9G9V6V | I34: VATIN White Satin Ribbon Polyester 40mm X 23m(25 Yards) Craft Fabric Ribbon Perfect for Gift Wrapping,Hair Bow,Party Balloon Trimming, Cake Decoration Sewing and Other Craft Projects | J34: VATIN-UK | K34: 英国 | L34: FBA | M34: VATIN | N34: [size:40mm X 23 Meters];[color:White] | O34: 涤纶-缎带-普通织边-单面织-标准-12分-25码-White | P34: 丝带\胚染\缎带 | R34: 维护 | S34: 2023-03-03 02:01:37 +00:00
A35: 3DB-SJ14-1-0000015 | B35: X001US2O2B | C35: 3DB-SJ14-1-0000015 | D35: =_xlfn.XLOOKUP(C35,[1]单个产品!$A:$A,[1]单个产品!$F:$F) -> DL-RM-QB-BZ-32-022 | E35: B0BZHP9RNC | F35: =_xlfn.XLOOKUP(C35,[1]单个产品!$A:$A,[1]单个产品!$U:$U) -> 标准 | G35: 在售 | H35: B0CDP5VZ69 | I35: VATIN 4 Inch x 22 Yards Wide Red Satin Solid Ribbon for Grand Opening, Ceremony, Party, Festival Decoration | J35: VATIN-UK | K35: 英国 | L35: FBA | M35: VATIN | N35: [size:4" x 22 Yard];[color:Red] | O35: 涤纶-缎面布-切边-标准-32分-22码-Red | P35: 丝带\布料加工\涤纶布 | S35: 2023-08-29 14:14:47 +01:00
A36: 3DB-SJ02-2-0000285 | B36: X0016BDN27 | C36: 3DB-SJ02-2-0000285 | D36: =_xlfn.XLOOKUP(C36,[1]单个产品!$A:$A,[1]单个产品!$F:$F) -> LD-PZ-SM-BZ-07-025 | E36: B086C65FWL | F36: =_xlfn.XLOOKUP(C36,[1]单个产品!$A:$A,[1]单个产品!$U:$U) -> 标准 | G36: 在售 | H36: B07JZY66ZK | I36: VATIN 22mm Double Faced Polyester Satin Ribbon Sideshow Rose - 23 Metre/Spool, Perfect for Wedding Decor, Wreath, Baby Shower,Gift Package Wrapping and Other Projects | J36: VATIN-UK | K36: 英国 | L36: FBA | M36: VATIN | N36: [size:22mm X 23 Metres];[color:Sideshow Rose] | O36: 涤纶带-普通织边-双面织-标准-7分-25码-Sideshow Rose | P36: 丝带\胚染\涤纶带 | R36: 维护 | S36: 2020-04-30 08:54:51 +01:00
A37: 3DB-SJ02-2-0000178 | B37: X0016ADFU3 | C37: 3DB-SJ02-2-0000178 | D37: =_xlfn.XLOOKUP(C37,[1]单个产品!$A:$A,[1]单个产品!$F:$F) -> LD-PZ-SM-BZ-02-050 | E37: B07TM2B9GJ | F37: =_xlfn.XLOOKUP(C37,[1]单个产品!$A:$A,[1]单个产品!$U:$U) -> 标准 | G37: 在售 | H37: B07JZY66ZK | I37: VATIN 6mm inches Double Faced Light Pink/Baby Pink Polyester Satin Ribbon - 45 Metre for Gift Wrapping Ornaments Party Favor Braids Baby Shower Decoration Floral Arrangement Craft Supplies | J37: VATIN-UK | K37: 英国 | L37: FBA | M37: VATIN | N37: [size:6mm X 45 Metres];[color:Light Pink] | O37: 涤纶带-普通织边-双面织-标准-2分-50码-Lt.Pink | P37: 丝带\胚染\涤纶带 | R37: 维护 | S37: 2020-04-28 07:04:26 +01:00
A38: R04251602JWT | B38: X0016C8URT | C38: DB-SJ08-0-0000278 | D38: =_xlfn.XLOOKUP(C38,[1]单个产品!$A:$A,[1]单个产品!$F:$F) -> DL-LW-PZ-BZ-16-025 | E38: B079K86991 | F38: =_xlfn.XLOOKUP(C38,[1]单个产品!$A:$A,[1]单个产品!$U:$U) -> 标准 | G38: 在售 | H38: B08F9SSDKB | I38: VATIN 50mm Solid White Grosgrain Ribbon Spool -23 Metre, Great for Sewing, Gift Wrapping, Hair Bows, Flower Arranging, Home Decorating | J38: VATIN-UK | K38: 英国 | L38: FBA | M38: VATIN | N38: [size:50 mm X 23 Metre];[color:White] | O38: 涤纶-罗纹带-普通织边-标准-16分-25码-White | P38: 丝带\胚染\罗纹带 | R38: 维护 | S38: 2020-05-04 10:34:26 +01:00
A39: R01500302JRD | B39: B0727W5DGD | C39: 3DB-SJ08-0-0000310 | D39: =_xlfn.XLOOKUP(C39,[1]单个产品!$A:$A,[1]单个产品!$F:$F) -> DL-LW-PZ-BZ-03-050 | E39: B0727W5DGD | F39: =_xlfn.XLOOKUP(C39,[1]单个产品!$A:$A,[1]单个产品!$U:$U) -> 标准 | G39: 在售 | H39: B08F9SSDKB | I39: VATIN Solid 10mm X 45 Metres Red Grosgrain Ribbon 23 Metres Each Roll Perfect for Crafts, Wedding Decor, DIY Hair Accessories, Sewing, Gift Package Wrapping and More | J39: VATIN-UK | K39: 英国 | L39: FBA | M39: VATIN | N39: [size:10 mm X 45 Metre];[color:Red] | O39: 涤纶-罗纹带-普通织边-标准-3分-50码-Red | P39: 丝带\胚染\罗纹带 | R39: 维护 | S39: 2020-05-04 11:05:22 +01:00
A40: 3DB-SJ01-1-0000045 | B40: X001QEVXI5 | C40: 3DB-SJ01-1-0000045 | D40: =_xlfn.XLOOKUP(C40,[1]单个产品!$A:$A,[1]单个产品!$F:$F) -> DL-DD-PZ-DM-BZ-03-025 | E40: B0BX9LVV9X | F40: =_xlfn.XLOOKUP(C40,[1]单个产品!$A:$A,[1]单个产品!$U:$U) -> 标准 | G40: 在售 | H40: B0BX9G9V6V | I40: VATIN Black Satin Ribbon Polyester 10mm X 23m(25 Yards) Craft Fabric Ribbon Perfect for Gift Wrapping,Hair Bow,Party Balloon Trimming, Cake Decoration Sewing and Other Craft Projects | J40: VATIN-UK | K40: 英国 | L40: FBA | M40: VATIN | N40: [size:10mm X 23 Meters];[color:Black] | O40: 涤纶-缎带-普通织边-单面织-标准-3分-25码-Black | P40: 丝带\胚染\缎带 | R40: 维护 | S40: 2023-03-03 02:01:37 +00:00
A41: R01500202JRYB | B41: B0716JJ7JZ | C41: DB-SJ08-0-0000119 | D41: =_xlfn.XLOOKUP(C41,[1]单个产品!$A:$A,[1]单个产品!$F:$F) -> DL-LW-PZ-BZ-02-050 | E41: B0716JJ7JZ | F41: =_xlfn.XLOOKUP(C41,[1]单个产品!$A:$A,[1]单个产品!$U:$U) -> 标准 | G41: 在售 | H41: B08F9SSDKB | I41: VATIN Solid 6mm X 45 Metres Navy Blue Grosgrain Ribbon 23 Metres Each Roll Perfect for Crafts, Wedding Decor, DIY Hair Accessories, Sewing, Gift Package Wrapping and More | J41: VATIN-UK | K41: 英国 | L41: FBA | M41: VATIN | N41: [size:6 mm X 45 Metre];[color:Navy Blue] | O41: 涤纶-罗纹带-普通织边-标准-2分-50码-Dk.Marine | P41: 丝带\胚染\罗纹带 | R41: 维护 | S41: 2020-05-04 10:59:20 +01:00
A42: 3DB-SJ02-2-0000260 | B42: X0016BCT9P | C42: 3DB-SJ02-2-0000260 | D42: =_xlfn.XLOOKUP(C42,[1]单个产品!$A:$A,[1]单个产品!$F:$F) -> LD-PZ-SM-BZ-05-025 | E42: B083R4F6N4 | F42: =_xlfn.XLOOKUP(C42,[1]单个产品!$A:$A,[1]单个产品!$U:$U) -> 标准 | G42: 停售 | H42: B07JZY66ZK | I42: VATIN 16mm Double Faced Polyester Wine Satin Ribbon - 23 Metre Spool, Perfect for Wedding Decor, Wreath, Baby Shower,Gift Package Wrapping and Other Projects | J42: VATIN-UK | K42: 英国 | L42: FBA | M42: VATIN | N42: [size:16mm X 23 Metres];[color:Wine] | O42: 涤纶带-普通织边-双面织-标准-5分-25码-Wine | P42: 丝带\胚染\涤纶带 | R42: 维护 | S42: 2020-04-30 09:50:12 +01:00
A43: 3DB-SJ08-0-0001115 | B43: X0025IOG6H | C43: 3DB-SJ08-0-0001115 | D43: =_xlfn.XLOOKUP(C43,[1]单个产品!$A:$A,[1]单个产品!$F:$F) -> DL-LW-PZ-BZ-12-025 | E43: B0DJGD8NRX | F43: =_xlfn.XLOOKUP(C43,[1]单个产品!$A:$A,[1]单个产品!$U:$U) -> 标准 | G43: 在售 | H43: B08F9SSDKB | I43: VATIN 38 mm Solid Forest Green Grosgrain Ribbon Spool -23 Metres, Great for Sewing, Gift Wrapping, Hair Bows, Flower Arranging, Home Decorating | J43: VATIN-UK | K43: 英国 | L43: FBA | M43: VATIN | N43: [size:38 mmX 23 Metre];[color:Forest Green] | O43: 涤纶-罗纹带-普通织边-标准-12分-25码-Forest | P43: 丝带\胚染\罗纹带 | R43: 维护 | S43: 2024-10-14 04:01:20 +01:00
A44: 3DB-SJ02-2-0000254 | B44: X0016A67RL | C44: 3DB-SJ02-2-0000254 | D44: =_xlfn.XLOOKUP(C44,[1]单个产品!$A:$A,[1]单个产品!$F:$F) -> LD-PZ-SM-BZ-12-025 | E44: B0836CVNXF | F44: =_xlfn.XLOOKUP(C44,[1]单个产品!$A:$A,[1]单个产品!$U:$U) -> 标准 | G44: 在售 | H44: B07JZY66ZK | I44: VATIN 38mm Wide Double Faced Polyester Sideshow Rose Satin Ribbon Continuous Ribbon- 23 Metre, Perfect for Wedding, Gift Wrapping, Bow Making& Other Projects | J44: VATIN-UK | K44: 英国 | L44: FBA | M44: VATIN | N44: [size:38mm X 23 Metres];[color:Sideshow Rose] | O44: 涤纶带-普通织边-双面织-标准-12分-25码-Sideshow Rose | P44: 丝带\胚染\涤纶带 | R44: 维护 | S44: 2020-04-28 07:04:26 +01:00
A45: R04250803JWT | B45: X0016BBLCB | C45: DB-SJ02-2-0000127 | D45: =_xlfn.XLOOKUP(C45,[1]单个产品!$A:$A,[1]单个产品!$F:$F) -> LD-PZ-SM-BZ-08-025 | E45: B079K9CGCV | F45: =_xlfn.XLOOKUP(C45,[1]单个产品!$A:$A,[1]单个产品!$U:$U) -> 标准 | G45: 在售 | H45: B07JZY66ZK | I45: VATIN 25mm Double Faced Polyester Satin Ribbon White - 23 Metre/Spool, Perfect for Wedding, Wreath, Baby Shower,Packing and Other Projects. | J45: VATIN-UK | K45: 英国 | L45: FBA | M45: VATIN | N45: [size:25mm X 23 Metres];[color:White] | O45: 涤纶带-普通织边-双面织-标准-8分-25码-White | P45: 丝带\胚染\涤纶带 | R45: 维护 | S45: 2020-04-30 10:39:35 +01:00
A46: R01500302JBK | B46: B071L1HK76 | C46: DB-SJ08-0-0000285 | D46: =_xlfn.XLOOKUP(C46,[1]单个产品!$A:$A,[1]单个产品!$F:$F) -> DL-LW-PZ-BZ-03-050 | E46: B071L1HK76 | F46: =_xlfn.XLOOKUP(C46,[1]单个产品!$A:$A,[1]单个产品!$U:$U) -> 标准 | G46: 在售 | H46: B08F9SSDKB | I46: VATIN Solid 10mm X 45 Metres Black Grosgrain Ribbon 23 Metres Each Roll Perfect for Crafts, Wedding Decor, DIY Hair Accessories, Sewing, Gift Package Wrapping and More | J46: VATIN-UK | K46: 英国 | L46: FBA | M46: VATIN | N46: [size:10 mm X 45 Metre];[color:Black] | O46: 涤纶-罗纹带-普通织边-标准-3分-50码-Black | P46: 丝带\胚染\罗纹带 | R46: 维护,战略 | S46: 2020-04-29 18:30:28 +01:00
A47: R01500202JBK | B47: B071L1H5X8 | C47: DB-SJ08-0-0000284 | D47: =_xlfn.XLOOKUP(C47,[1]单个产品!$A:$A,[1]单个产品!$F:$F) -> DL-LW-PZ-BZ-02-050 | E47: B071L1H5X8 | F47: =_xlfn.XLOOKUP(C47,[1]单个产品!$A:$A,[1]单个产品!$U:$U) -> 标准 | G47: 在售 | H47: B08F9SSDKB | I47: VATIN Solid 6mm X 45 Metres Black Grosgrain Ribbon 23 Metres Each Roll Perfect for Crafts, Wedding Decor, DIY Hair Accessories, Sewing, Gift Package Wrapping and More | J47: VATIN-UK | K47: 英国 | L47: FBA | M47: VATIN | N47: [size:6 mm X 45 Metre];[color:Black] | O47: 涤纶-罗纹带-普通织边-标准-2分-50码-Black | P47: 丝带\胚染\罗纹带 | R47: 维护 | S47: 2020-04-30 19:03:54 +01:00
... A115: 3DB-SJ09-1-0000332 | B115: X0023K7HYF | C115: 3DB-SJ09-1-0000332 | D115: =_xlfn.XLOOKUP(C115,[1]单个产品!$A:$A,[1]单个产品!$F:$F) -> NL-SR-PZ-DM-BZ-08-025 | E115: B0D5458GQB | F115: =_xlfn.XLOOKUP(C115,[1]单个产品!$A:$A,[1]单个产品!$U:$U) -> 标准 | G115: 在售 | H115: B08B5YK3K2 | I115: VATIN 26mm Wide Nylon Woven Vintage Olive Velvet Ribbons by 23 Metres Spool, Perfect use for Choker, Gift Wrapping, Floral Bouquets, Home Décor | J115: VATIN-UK | K115: 英国 | L115: FBA | M115: VATIN | N115: [size:26mm];[color:Olive] | O115: 尼龙-丝绒带-普通织边-单面织-标准-8分-25码-Olive | P115: 丝带\胚染\丝绒带 | R115: 维护,Q4,Q1 | S115: 2024-08-07 08:55:19 +01:00
A116: 3DB-SJ14-1-0000076 | B116: X0020WNE93 | C116: 3DB-SJ14-1-0000076 | D116: =_xlfn.XLOOKUP(C116,[1]单个产品!$A:$A,[1]单个产品!$F:$F) -> DL-RM-QB-BZ-64-022 | E116: B0CR41RKCK | F116: =_xlfn.XLOOKUP(C116,[1]单个产品!$A:$A,[1]单个产品!$U:$U) -> 标准 | G116: 在售 | H116: B0CDP5VZ69 | I116: VATIN 8 Inch x 22 Yards Wide Red Satin Solid Ribbon for Grand Opening & Wedding Decoration Kit | J116: VATIN-UK | K116: 英国 | L116: FBA | M116: VATIN | N116: [size:8" x 22 Yard];[color:Red] | O116: 涤纶-缎面布-切边-标准-64分-22码-Red | P116: 丝带\布料加工\涤纶布 | S116: 2024-05-14 05:50:43 +01:00
A117: 3DB-SJ14-1-0000068 | B117: X0020UILGL | C117: 3DB-SJ14-1-0000068 | D117: =_xlfn.XLOOKUP(C117,[1]单个产品!$A:$A,[1]单个产品!$F:$F) -> DL-RM-QB-BZ-32-022 | E117: B0CR3FTQNT | F117: =_xlfn.XLOOKUP(C117,[1]单个产品!$A:$A,[1]单个产品!$U:$U) -> 标准 | G117: 在售 | H117: B0CDP5VZ69 | I117: VATIN 4 Inch x 22Yards Wide Dark Green Satin Solid Ribbon Large Ribbon for Grand Opening Ribbon Cutting Ceremony Kit Chairs Pageant Sashes Table Hair Car Bows Gift Wrapping Party Festival Decoration | J117: VATIN-UK | K117: 英国 | L117: FBA | M117: VATIN | N117: [size:4" x 22 Yard];[color:Dark green] | O117: 涤纶-缎面布-切边-标准-32分-22码-Dk.Green | P117: 丝带\布料加工\涤纶布 | S117: 2024-05-10 22:32:29 +01:00
A118: 3DB-SJ14-2-0001876 | B118: X0020TLX2L | C118: 3DB-SJ14-2-0001876 | D118: =_xlfn.XLOOKUP(C118,[1]单个产品!$A:$A,[1]单个产品!$F:$F) -> LD-SZ-SM-BZ-02-050 | E118: B0CR3N6563 | F118: =_xlfn.XLOOKUP(C118,[1]单个产品!$A:$A,[1]单个产品!$U:$U) -> 标准 | G118: 在售 | H118: B0CDRRTTHC | I118: VATIN Double Faced Satin Ribbon 1/4 inch Navy Blue with Gold Edge Continuous 50 Yards for Decoration, Craft, Gift Wrappping Wedding Card Decoration | J118: VATIN-UK | K118: 英国 | L118: FBA | M118: VATIN | N118: [size:6mm X 45 Metres];[color:Navy/Gold] | O118: 涤纶带-特殊织边-双面织-标准-2分-50码-Navy & Gold | P118: 丝带\胚染\涤纶带 | S118: 2024-05-09 19:49:16 +01:00
A119: 3DB-SJ14-2-0001889 | B119: X0020RSD53 | C119: 3DB-SJ14-2-0001889 | D119: =_xlfn.XLOOKUP(C119,[1]单个产品!$A:$A,[1]单个产品!$F:$F) -> LD-SZ-SM-BZ-03-050 | E119: B0CR3TNB5X | F119: =_xlfn.XLOOKUP(C119,[1]单个产品!$A:$A,[1]单个产品!$U:$U) -> 标准 | G119: 在售 | H119: B0CDRRTTHC | I119: VATIN Double Faced Satin Ribbon 3/8 inch Navy with Gold Edge Continuous 50 Yards for Decoration, Craft, Gift Wrappping Wedding Card Decoration | J119: VATIN-UK | K119: 英国 | L119: FBA | M119: VATIN | N119: [size:10mm X 45 Metres];[color:Navy/Gold] | O119: 涤纶带-特殊织边-双面织-标准-3分-50码-Navy & Gold | P119: 丝带\胚染\涤纶带 | S119: 2024-05-08 05:33:07 +01:00
A120: 3DB-SJ01-1-0000046 | B120: X001QEVYGB | C120: 3DB-SJ01-1-0000046 | D120: =_xlfn.XLOOKUP(C120,[1]单个产品!$A:$A,[1]单个产品!$F:$F) -> DL-DD-PZ-DM-BZ-03-025 | E120: B0BX9P8LNC | F120: =_xlfn.XLOOKUP(C120,[1]单个产品!$A:$A,[1]单个产品!$U:$U) -> 标准 | G120: 在售 | H120: B0BX9G9V6V | I120: VATIN Royal Blue Satin Ribbon Polyester 10mm X 23m(25 Yards) Craft Fabric Ribbon Perfect for Gift Wrapping,Hair Bow,Party Balloon Trimming, Cake Decoration Sewing and Other Craft Projects | J120: VATIN-UK | K120: 英国 | L120: FBA | M120: VATIN | N120: [size:10mm X 23 Meters];[color:Royal Blue] | O120: 涤纶-缎带-普通织边-单面织-标准-3分-25码-Royal | P120: 丝带\胚染\缎带 | R120: 维护 | S120: 2023-03-03 02:01:37 +00:00
A121: 3DB-SJ01-1-0000039 | B121: X001QEVTRF | C121: 3DB-SJ01-1-0000039 | D121: =_xlfn.XLOOKUP(C121,[1]单个产品!$A:$A,[1]单个产品!$F:$F) -> DL-DD-PZ-DM-BZ-02-025 | E121: B0BX9MYTMW | F121: =_xlfn.XLOOKUP(C121,[1]单个产品!$A:$A,[1]单个产品!$U:$U) -> 标准 | G121: 在售 | H121: B0BX9G9V6V | I121: VATIN Green Satin Ribbon Polyester 6mm X 23m(25 Yards) Craft Fabric Ribbon Perfect for Gift Wrapping, Hair Bow,Party Balloon Trimming, Cake Decoration Sewing and Other Craft Projects | J121: VATIN-UK | K121: 英国 | L121: FBA | M121: VATIN | N121: [size:6mm X 23 Meters];[color:Green] | O121: 涤纶-缎带-普通织边-单面织-标准-2分-25码-Green | P121: 丝带\胚染\缎带 | R121: 维护 | S121: 2023-03-03 02:01:37 +00:00
A122: 3DB-SJ02-2-0000174 | B122: X0016AE0VV | C122: 3DB-SJ02-2-0000174 | D122: =_xlfn.XLOOKUP(C122,[1]单个产品!$A:$A,[1]单个产品!$F:$F) -> LD-PZ-SM-BZ-02-050 | E122: B07TP7K2KF | F122: =_xlfn.XLOOKUP(C122,[1]单个产品!$A:$A,[1]单个产品!$U:$U) -> 标准 | G122: 在售 | H122: B07JZY66ZK | I122: VATIN 6mm Double Faced Light Coral Polyester Satin Ribbon - 45 Metre for Gift Wrapping Ornaments Party Favor Braids Baby Shower Decoration Floral Arrangement Craft Supplies | J122: VATIN-UK | K122: 英国 | L122: FBA | M122: VATIN | N122: [size:6mm X 45 Metres];[color:Light Coral] | O122: 涤纶带-普通织边-双面织-标准-2分-50码-Lt.Coral | P122: 丝带\胚染\涤纶带 | R122: 新变体 | S122: 2020-04-28 07:04:26 +01:00
A123: 3DB-SJ02-2-0000231 | B123: X0016A67RB | C123: 3DB-SJ02-2-0000231 | D123: =_xlfn.XLOOKUP(C123,[1]单个产品!$A:$A,[1]单个产品!$F:$F) -> LD-PZ-SM-BZ-16-025 | E123: B0836QPPL6 | F123: =_xlfn.XLOOKUP(C123,[1]单个产品!$A:$A,[1]单个产品!$U:$U) -> 标准 | G123: 在售 | H123: B07JZY66ZK | I123: VATIN 50mm Solid Wine Double Faced Polyester Satin Ribbon for Craft, Gift Wrapping, Hair Bow, Wedding Deco 23 Metre/Spool | J123: VATIN-UK | K123: 英国 | L123: FBA | M123: VATIN | N123: [size:50mm X 23 Metres];[color:Wine] | O123: 涤纶带-普通织边-双面织-标准-16分-25码-Wine | P123: 丝带\胚染\涤纶带 | R123: 维护 | S123: 2020-04-28 07:04:26 +01:00
A124: 3DB-SJ01-1-0000071 | B124: X001QEW0TB | C124: 3DB-SJ01-1-0000071 | D124: =_xlfn.XLOOKUP(C124,[1]单个产品!$A:$A,[1]单个产品!$F:$F) -> DL-DD-PZ-DM-BZ-12-025 | E124: B0BX9MTG1N | F124: =_xlfn.XLOOKUP(C124,[1]单个产品!$A:$A,[1]单个产品!$U:$U) -> 标准 | G124: 在售 | H124: B0BX9G9V6V | I124: VATIN Gold Satin Ribbon Polyester 40mm X 23m(25 Yards) Craft Fabric Ribbon Perfect for Gift Wrapping,Hair Bow,Party Balloon Trimming, Cake Decoration Sewing and Other Craft Projects | J124: VATIN-UK | K124: 英国 | L124: FBA | M124: VATIN | N124: [size:40mm X 23 Meters];[color:Gold] | O124: 涤纶-缎带-普通织边-单面织-标准-12分-25码-Gold | P124: 丝带\胚染\缎带 | R124: 维护 | S124: 2023-03-02 09:30:28 +00:00
A125: 3DB-SJ02-2-0000294 | B125: X0017TPZPV | C125: 3DB-SJ02-2-0000294 | D125: =_xlfn.XLOOKUP(C125,[1]单个产品!$A:$A,[1]单个产品!$F:$F) -> LD-PZ-SM-BZ-07-025 | E125: B08BLGYGR4 | F125: =_xlfn.XLOOKUP(C125,[1]单个产品!$A:$A,[1]单个产品!$U:$U) -> 标准 | G125: 在售 | H125: B07JZY66ZK | I125: VATIN 22mm Double Faced Polyester Satin Ribbon Gold - 23 Metre Spool, Perfect for Wedding Decor, Wreath, Baby Shower,Gift Package Wrapping and Other Projects | J125: VATIN-UK | K125: 英国 | L125: FBA | M125: VATIN | N125: [size:22mm X 23 Metres];[color:Gold] | O125: 涤纶带-普通织边-双面织-标准-7分-25码-New Gold | P125: 丝带\胚染\涤纶带 | R125: 废弃 | S125: 2020-08-05 15:07:45 +01:00
A126: 3DB-SJ01-1-0000033 | B126: X001QEVXHB | C126: 3DB-SJ01-1-0000033 | D126: =_xlfn.XLOOKUP(C126,[1]单个产品!$A:$A,[1]单个产品!$F:$F) -> DL-DD-PZ-DM-BZ-02-025 | E126: B0BX9NLKG7 | F126: =_xlfn.XLOOKUP(C126,[1]单个产品!$A:$A,[1]单个产品!$U:$U) -> 标准 | G126: 在售 | H126: B0BX9G9V6V | I126: VATIN Pink Satin Ribbon Polyester 6mm X 23m(25 Yards) Craft Fabric Ribbon Perfect for Gift Wrapping,Hair Bow,Party Balloon Trimming, Cake Decoration Sewing and Other Craft Projects | J126: VATIN-UK | K126: 英国 | L126: FBA | M126: VATIN | N126: [size:6mm X 23 Meters];[color:Pink] | O126: 涤纶-缎带-普通织边-单面织-标准-2分-25码-Pink | P126: 丝带\胚染\缎带 | R126: 维护 | S126: 2023-03-02 09:30:28 +00:00
A127: DB-SJ02-2-0000144 | B127: X0016ADFXP | C127: DB-SJ02-2-0000144 | D127: =_xlfn.XLOOKUP(C127,[1]单个产品!$A:$A,[1]单个产品!$F:$F) -> LD-PZ-SM-BZ-05-025 | E127: B07RWP8ZHH | F127: =_xlfn.XLOOKUP(C127,[1]单个产品!$A:$A,[1]单个产品!$U:$U) -> 标准 | G127: 在售 | H127: B07JZY66ZK | I127: VATIN 16mm Double Faced Polyester Deep Cream Satin Ribbon - 23 Metre Spool, Perfect for Wedding Decor, Wreath, Baby Shower,Gift Package Wrapping and Other Projects | J127: VATIN-UK | K127: 英国 | L127: FBA | M127: VATIN | N127: [size:16mm X 23 Metres];[color:Deep Cream] | O127: 涤纶带-普通织边-双面织-标准-5分-25码-Dk.Cream | P127: 丝带\胚染\涤纶带 | R127: 废弃 | S127: 2020-04-28 07:04:26 +01:00
A128: 3DB-SJ01-1-0000058 | B128: X001QFN1YX | C128: 3DB-SJ01-1-0000058 | D128: =_xlfn.XLOOKUP(C128,[1]单个产品!$A:$A,[1]单个产品!$F:$F) -> DL-DD-PZ-DM-BZ-06-025 | E128: B0BX9NST9Z | F128: =_xlfn.XLOOKUP(C128,[1]单个产品!$A:$A,[1]单个产品!$U:$U) -> 标准 | G128: 在售 | H128: B0BX9G9V6V | I128: VATIN Rose Gold Satin Ribbon Polyester 20mm X 23m(25 Yards) Craft Fabric Ribbon Perfect for Gift Wrapping,Hair Bow,Party Balloon Trimming, Cake Decoration Sewing and Other Craft Projects | J128: VATIN-UK | K128: 英国 | L128: FBA | M128: VATIN | N128: [size:20mm X 23 Meters];[color:Rose Gold] | O128: 涤纶-缎带-普通织边-单面织-标准-6分-25码-Rose Gold | P128: 丝带\胚染\缎带 | R128: 维护 | S128: 2023-03-03 02:01:37 +00:00
A129: 3DB-SJ02-2-0000370 | B129: X001AFV32V | C129: 3DB-SJ02-2-0000370 | D129: =_xlfn.XLOOKUP(C129,[1]单个产品!$A:$A,[1]单个产品!$F:$F) -> LD-PZ-SM-BZ-05-025 | E129: B08QZ4PMM4 | F129: =_xlfn.XLOOKUP(C129,[1]单个产品!$A:$A,[1]单个产品!$U:$U) -> 标准 | G129: 在售 | H129: B07JZY66ZK | I129: VATIN 16mm Double Faced Polyester Satin Ribbon Cream - 23 Metre/Spool, Perfect for Wedding Decor, Wreath, Baby Shower,Gift Package Wrapping and Other Projects | J129: VATIN-UK | K129: 英国 | L129: FBA | M129: VATIN | N129: [size:16mm X 23 Metres];[color:Cream] | O129: 涤纶带-普通织边-双面织-标准-5分-25码-Cream | P129: 丝带\胚染\涤纶带 | R129: 维护 | S129: 2020-12-18 03:36:48 +00:00
A130: R01501202JBK | B130: B071VCZZBT | C130: DB-SJ08-0-0000124 | D130: =_xlfn.XLOOKUP(C130,[1]单个产品!$A:$A,[1]单个产品!$F:$F) -> DL-LW-PZ-BZ-12-050 | E130: B071VCZZBT | F130: =_xlfn.XLOOKUP(C130,[1]单个产品!$A:$A,[1]单个产品!$U:$U) -> 标准 | G130: 在售 | H130: B08F9SSDKB | I130: VATIN 38mm Solid Black Grosgrain Ribbon Spool -45 Metre, Great for Sewing, Gift Wrapping, Hair Bows, Flower Arranging, Home Decorating | J130: VATIN-UK | K130: 英国 | L130: FBA | M130: VATIN | N130: [size:38 mm X 45 Metre];[color:Black] | O130: 涤纶-罗纹带-普通织边-标准-12分-50码-Black | P130: 丝带\胚染\罗纹带 | R130: 维护 | S130: 2020-05-04 10:51:48 +01:00
A131: 3DB-SJ01-1-0000073 | B131: X001QEW0T1 | C131: 3DB-SJ01-1-0000073 | D131: =_xlfn.XLOOKUP(C131,[1]单个产品!$A:$A,[1]单个产品!$F:$F) -> DL-DD-PZ-DM-BZ-12-025 | E131: B0BX9MH8K9 | F131: =_xlfn.XLOOKUP(C131,[1]单个产品!$A:$A,[1]单个产品!$U:$U) -> 标准 | G131: 在售 | H131: B0BX9G9V6V | I131: VATIN Pink Satin Ribbon Polyester 40mm X 23m(25 Yards) Craft Fabric Ribbon Perfect for Gift Wrapping,Hair Bow,Party Balloon Trimming, Cake Decoration Sewing and Other Craft Projects | J131: VATIN-UK | K131: 英国 | L131: FBA | M131: VATIN | N131: [size:40mm X 23 Meters];[color:Pink] | O131: 涤纶-缎带-普通织边-单面织-标准-12分-25码-Pink | P131: 丝带\胚染\缎带 | R131: 维护 | S131: 2023-03-03 02:01:37 +00:00
... A139: R04053003JRYB | B139: X0016C6BMP | C139: DB-SJ02-2-0000130 | D139: =_xlfn.XLOOKUP(C139,[1]单个产品!$A:$A,[1]单个产品!$F:$F) -> LD-PZ-SM-BZ-32-005 | E139: B079K9P1W6 | F139: =_xlfn.XLOOKUP(C139,[1]单个产品!$A:$A,[1]单个产品!$U:$U) -> 标准 | G139: 在售 | H139: B07JZY66ZK | I139: VATIN 100mm Wide Double Faced Polyester Light Royal Blue Satin Ribbon- 4.5 Metre/Spool, Perfect for Chair Sash, Making Bow, Sewing and Wedding Bouquet | J139: VATIN-UK | K139: 英国 | L139: FBA | M139: VATIN | N139: [size:100mm X 4.5 Metres];[color:Light Royal Blue] | O139: 涤纶带-普通织边-双面织-标准-32分-5码-Lt.Royal | P139: 丝带\胚染\涤纶带 | R139: 维护 | S139: 2020-05-04 10:30:07 +01:00
A140: 3DB-SJ14-1-0000028 | B140: X001U74SS5 | C140: 3DB-SJ14-1-0000028 | D140: =_xlfn.XLOOKUP(C140,[1]单个产品!$A:$A,[1]单个产品!$F:$F) -> DL-RM-QB-BZ-48-022 | E140: B0BZHPDF92 | F140: =_xlfn.XLOOKUP(C140,[1]单个产品!$A:$A,[1]单个产品!$U:$U) -> 标准 | G140: 在售 | H140: B0CDP5VZ69 | I140: VATIN 6 Inch x 22 Yards Wide Red Satin Solid Ribbon for Grand Opening & Wedding Decoration Kit | J140: VATIN-UK | K140: 英国 | L140: FBA | M140: VATIN | N140: [size:6" x 22 Yard];[color:Red] | O140: 涤纶-缎面布-切边-标准-48分-22码-Red | P140: 丝带\布料加工\涤纶布 | S140: 2023-08-11 04:52:50 +01:00
A141: 3DB-SJ02-2-0000242 | B141: X0017VR5O3 | C141: 3DB-SJ02-2-0000242 | D141: =_xlfn.XLOOKUP(C141,[1]单个产品!$A:$A,[1]单个产品!$F:$F) -> LD-PZ-SM-BZ-03-050 | E141: B08BL8P55T | F141: =_xlfn.XLOOKUP(C141,[1]单个产品!$A:$A,[1]单个产品!$U:$U) -> 标准 | G141: 在售 | H141: B07JZY66ZK | I141: VATIN 10mm Double Faced Antique Mauve Polyester Satin Ribbon - 45 Metre for Gift Wrapping Ornament Party Favor Braids Baby Shower Decoration Floral Arrangement Craft Supplies | J141: VATIN-UK | K141: 英国 | L141: FBA | M141: VATIN | N141: [size:10mm X 45 Metres];[color:Antique Mauve] | O141: 涤纶带-普通织边-双面织-标准-3分-50码-Antique Mauve | P141: 丝带\胚染\涤纶带 | R141: 维护 | S141: 2020-08-08 17:57:47 +01:00
A142: 3DB-SJ01-1-0000057 | B142: X001QEW0S7 | C142: 3DB-SJ01-1-0000057 | D142: =_xlfn.XLOOKUP(C142,[1]单个产品!$A:$A,[1]单个产品!$F:$F) -> DL-DD-PZ-DM-BZ-06-025 | E142: B0BX9PCXSW | F142: =_xlfn.XLOOKUP(C142,[1]单个产品!$A:$A,[1]单个产品!$U:$U) -> 标准 | G142: 在售 | H142: B0BX9G9V6V | I142: VATIN Navy Satin Ribbon Polyester 20mm X 23m(25 Yards) Craft Fabric Ribbon Perfect for Gift Wrapping,Hair Bow,Party Balloon Trimming, Cake Decoration Sewing and Other Craft Projects | J142: VATIN-UK | K142: 英国 | L142: FBA | M142: VATIN | N142: [size:20mm X 23 Meters];[color:Navy Blue] | O142: 涤纶-缎带-普通织边-单面织-标准-6分-25码-Navy | P142: 丝带\胚染\缎带 | R142: 维护 | S142: 2023-03-03 02:01:37 +00:00
A143: 3DB-SJ14-1-0000026 | B143: X001U77JM7 | C143: 3DB-SJ14-1-0000026 | D143: =_xlfn.XLOOKUP(C143,[1]单个产品!$A:$A,[1]单个产品!$F:$F) -> DL-RM-QB-BZ-32-022 | E143: B0BZHMB7H5 | F143: =_xlfn.XLOOKUP(C143,[1]单个产品!$A:$A,[1]单个产品!$U:$U) -> 标准 | G143: 在售 | H143: B0CDP5VZ69 | I143: VATIN 4 Inch x 22 Yards Wide Gold Yellow Satin Solid Ribbon for Grand Opening, Ribbon Cutting Ceremony, Kit, Chairs, Pageant, Sashes, Table, Hair, Car, Bows, Gift Wrapping, Wedding, Party Decoration | J143: VATIN-UK | K143: 英国 | L143: FBA | M143: VATIN | N143: [size:4" x 22 Yard];[color:Gold Yellow] | O143: 涤纶-缎面布-切边-标准-32分-22码-Gold Yellow | P143: 丝带\布料加工\涤纶布 | S143: 2023-08-11 04:52:50 +01:00
A144: 3DB-SJ02-2-0000266 | B144: X0016ADG1B | C144: 3DB-SJ02-2-0000266 | D144: =_xlfn.XLOOKUP(C144,[1]单个产品!$A:$A,[1]单个产品!$F:$F) -> LD-PZ-SM-BZ-12-025 | E144: B083HTKB8V | F144: =_xlfn.XLOOKUP(C144,[1]单个产品!$A:$A,[1]单个产品!$U:$U) -> 标准 | G144: 在售 | H144: B07JZY66ZK | I144: VATIN 38mm Wide Double Faced Polyester Emerald Green Satin Ribbon Continuous Ribbon- 23 Metre, Perfect for Wedding, Gift Wrapping, Bow Making& Other Projects | J144: VATIN-UK | K144: 英国 | L144: FBA | M144: VATIN | N144: [size:38mm X 23 Metres];[color:Emerald Green] | O144: 涤纶带-普通织边-双面织-标准-12分-25码-Emerald | P144: 丝带\胚染\涤纶带 | R144: 新变体 | S144: 2020-04-28 07:04:26 +01:00
A145: 3DB-SJ01-1-0000054 | B145: X001QEW0QJ | C145: 3DB-SJ01-1-0000054 | D145: =_xlfn.XLOOKUP(C145,[1]单个产品!$A:$A,[1]单个产品!$F:$F) -> DL-DD-PZ-DM-BZ-06-025 | E145: B0BX9NKKWT | F145: =_xlfn.XLOOKUP(C145,[1]单个产品!$A:$A,[1]单个产品!$U:$U) -> 标准 | G145: 在售 | H145: B0BX9G9V6V | I145: VATIN Red Satin Ribbon Polyester 20mm X 23m(25 Yards) Craft Fabric Ribbon Perfect for Gift Wrapping,Hair Bow,Party Balloon Trimming, Cake Decoration Sewing and Other Craft Projects | J145: VATIN-UK | K145: 英国 | L145: FBA | M145: VATIN | N145: [size:20mm X 23 Meters];[color:Red] | O145: 涤纶-缎带-普通织边-单面织-标准-6分-25码-Red | P145: 丝带\胚染\缎带 | R145: 维护 | S145: 2023-03-03 02:01:37 +00:00
A146: 3DB-SJ01-1-0000064 | B146: X001QEW0SR | C146: 3DB-SJ01-1-0000064 | D146: =_xlfn.XLOOKUP(C146,[1]单个产品!$A:$A,[1]单个产品!$F:$F) -> DL-DD-PZ-DM-BZ-08-025 | E146: B0BX9N2MMW | F146: =_xlfn.XLOOKUP(C146,[1]单个产品!$A:$A,[1]单个产品!$U:$U) -> 标准 | G146: 在售 | H146: B0BX9G9V6V | I146: VATIN Red Satin Ribbon Polyester 25mm X 23m(25 Yards) Craft Fabric Ribbon Perfect for Gift Wrapping,Hair Bow,Party Balloon Trimming, Cake Decoration Sewing and Other Craft Projects | J146: VATIN-UK | K146: 英国 | L146: FBA | M146: VATIN | N146: [size:25mm X 23 Meters];[color:Red] | O146: 涤纶-缎带-普通织边-单面织-标准-8分-25码-Red | P146: 丝带\胚染\缎带 | R146: 维护 | S146: 2023-03-03 02:01:37 +00:00
A147: 3DB-SJ02-2-0000185 | B147: X0016AE0U7 | C147: 3DB-SJ02-2-0000185 | D147: =_xlfn.XLOOKUP(C147,[1]单个产品!$A:$A,[1]单个产品!$F:$F) -> LD-PZ-SM-BZ-03-050 | E147: B07TP7MCD8 | F147: =_xlfn.XLOOKUP(C147,[1]单个产品!$A:$A,[1]单个产品!$U:$U) -> 标准 | G147: 在售 | H147: B07JZY66ZK | I147: VATIN 10mm Double Faced Maize Yellow Polyester Satin Ribbon - 45 Metre for Gift Wrapping Ornaments Party Favor Braids Baby Shower Decoration Floral Arrangement Craft Supplies | J147: VATIN-UK | K147: 英国 | L147: FBA | M147: VATIN | N147: [size:10mm X 45 Metres];[color:Maize Yellow] | O147: 涤纶带-普通织边-双面织-标准-3分-50码-Maize | P147: 丝带\胚染\涤纶带 | R147: 维护 | S147: 2020-04-28 07:04:26 +01:00
A148: 3DB-SJ02-2-0000214 | B148: X0016A67ML | C148: 3DB-SJ02-2-0000214 | D148: =_xlfn.XLOOKUP(C148,[1]单个产品!$A:$A,[1]单个产品!$F:$F) -> LD-PZ-SM-BZ-12-025 | E148: B07W4P53VK | F148: =_xlfn.XLOOKUP(C148,[1]单个产品!$A:$A,[1]单个产品!$U:$U) -> 标准 | G148: 在售 | H148: B07JZY66ZK | I148: VATIN 38mm Wide Double Faced Polyester Deep Silver Satin Ribbon Continuous Ribbon- 23 Metre, Perfect for Wedding, Gift Wrapping, Bow Making& Other Projects | J148: VATIN-UK | K148: 英国 | L148: FBA | M148: VATIN | N148: [size:38mm X 23 Metres];[color:Deep Silver] | O148: 涤纶带-普通织边-双面织-标准-12分-25码-Dk.Silver | P148: 丝带\胚染\涤纶带 | R148: 维护,观察 | S148: 2020-04-28 07:04:26 +01:00
A149: 3DB-SJ02-2-0000403 | B149: X001C8V7KT | C149: 3DB-SJ02-2-0000403 | D149: =_xlfn.XLOOKUP(C149,[1]单个产品!$A:$A,[1]单个产品!$F:$F) -> LD-PZ-SM-BZ-01-050 | E149: B08ZNB5YHJ | F149: =_xlfn.XLOOKUP(C149,[1]单个产品!$A:$A,[1]单个产品!$U:$U) -> 标准 | G149: 在售 | H149: B0CTKG36LF | I149: VATIN 3mm Double Faced Black Polyester Satin Ribbon - 45 Metre for Gift Wrapping Ornaments Party Favor Braids Baby Shower Decoration Floral Arrangement Craft Supplies | J149: VATIN-UK | K149: 英国 | L149: FBA | M149: VATIN | N149: [size:4mm x 45m];[color:Black] | O149: 涤纶带-普通织边-双面织-标准-1分-50码-Black | P149: 丝带\胚染\涤纶带 | R149: 新变体 | S149: 2021-03-22 09:09:52 +00:00
A150: 3DB-SJ01-1-0000038 | B150: X001QEW0PZ | C150: 3DB-SJ01-1-0000038 | D150: =_xlfn.XLOOKUP(C150,[1]单个产品!$A:$A,[1]单个产品!$F:$F) -> DL-DD-PZ-DM-BZ-02-025 | E150: B0BX9N63SR | F150: =_xlfn.XLOOKUP(C150,[1]单个产品!$A:$A,[1]单个产品!$U:$U) -> 标准 | G150: 在售 | H150: B0BX9G9V6V | I150: VATIN Rose Gold Satin Ribbon Polyester 6mm X 23m(25 Yards) Craft Fabric Ribbon Perfect for Gift Wrapping, Hair Bow,Party Balloon Trimming, Cake Decoration Sewing and Other Craft Projects | J150: VATIN-UK | K150: 英国 | L150: FBA | M150: VATIN | N150: [size:6mm X 23 Meters];[color:Rose Gold] | O150: 涤纶-缎带-普通织边-单面织-标准-2分-25码-Rose Gold | P150: 丝带\胚染\缎带 | R150: 维护 | S150: 2023-03-03 02:01:37 +00:00
A151: DB-SJ02-2-0000142 | B151: X0016A67OT | C151: DB-SJ02-2-0000142 | D151: =_xlfn.XLOOKUP(C151,[1]单个产品!$A:$A,[1]单个产品!$F:$F) -> LD-PZ-SM-BZ-05-025 | E151: B07RR19RZP | F151: =_xlfn.XLOOKUP(C151,[1]单个产品!$A:$A,[1]单个产品!$U:$U) -> 标准 | G151: 在售 | H151: B07JZY66ZK | I151: VATIN 16mm Double Faced Polyester Hot Red Satin Ribbon - 23 Metre Spool, Perfect for Wedding Decor, Wreath, Baby Shower,Gift Package Wrapping and Other Projects | J151: VATIN-UK | K151: 英国 | L151: FBA | M151: VATIN | N151: [size:16mm X 23 Metres];[color:Hot red] | O151: 涤纶带-普通织边-双面织-标准-5分-25码-Hot Red | P151: 丝带\胚染\涤纶带 | R151: 维护 | S151: 2020-04-28 07:04:26 +01:00
A152: 3DB-SJ02-2-0000252 | B152: X0017SK7OV | C152: 3DB-SJ02-2-0000252 | D152: =_xlfn.XLOOKUP(C152,[1]单个产品!$A:$A,[1]单个产品!$F:$F) -> LD-PZ-SM-BZ-12-025 | E152: B08BNC7D2X | F152: =_xlfn.XLOOKUP(C152,[1]单个产品!$A:$A,[1]单个产品!$U:$U) -> 标准 | G152: 在售 | H152: B07JZY66ZK | I152: VATIN 38mm Wide Double Faced Polyester Antique Mauve Satin Ribbon Continuous Ribbon- 23 Metre, Perfect for Wedding, Gift Wrapping, Bow Making & Other Projects | J152: VATIN-UK | K152: 英国 | L152: FBA | M152: VATIN | N152: [size:38mm X 23 Metres];[color:Antique Mauve] | O152: 涤纶带-普通织边-双面织-标准-12分-25码-Antique Mauve | P152: 丝带\胚染\涤纶带 | R152: 维护 | S152: 2020-08-05 06:17:14 +01:00
A153: 3DB-SJ02-2-0000204 | B153: X0016BBLD5 | C153: 3DB-SJ02-2-0000204 | D153: =_xlfn.XLOOKUP(C153,[1]单个产品!$A:$A,[1]单个产品!$F:$F) -> LD-PZ-SM-BZ-08-025 | E153: B07TLZQSM2 | F153: =_xlfn.XLOOKUP(C153,[1]单个产品!$A:$A,[1]单个产品!$U:$U) -> 标准 | G153: 在售 | H153: B07JZY66ZK | I153: VATIN 25mm Double Faced Polyester Satin Ribbon Autumn Orange - 23 Metre/Spool, Perfect for Wedding, Wreath, Baby Shower,Packing and Other Projects | J153: VATIN-UK | K153: 英国 | L153: FBA | M153: VATIN | N153: [size:25mm X 23 Metres];[color:Autumn Orange] | O153: 涤纶带-普通织边-双面织-标准-8分-25码-Autumn Orange | P153: 丝带\胚染\涤纶带 | R153: 维护 | S153: 2020-04-30 10:39:35 +01:00
A154: 3DB-SJ08-0-0000355 | B154: X0017AHOEP | C154: 3DB-SJ08-0-0000355 | D154: =_xlfn.XLOOKUP(C154,[1]单个产品!$A:$A,[1]单个产品!$F:$F) -> DL-LW-PZ-BZ-08-050 | E154: B08BLJTW36 | F154: =_xlfn.XLOOKUP(C154,[1]单个产品!$A:$A,[1]单个产品!$U:$U) -> 标准 | G154: 在售 | H154: B08F9SSDKB | I154: VATIN 25mm Grosgrain Ribbon, 45 Metre,23 Metre Each Roll Perfect for Wedding Decor, Wreath, Baby Shower,Gift Package Wrapping and Other Projects Black | J154: VATIN-UK | K154: 英国 | L154: FBA | M154: VATIN | N154: [size:25 mm X 45 Metre];[color:Black] | O154: 涤纶-罗纹带-普通织边-标准-8分-50码-Black | P154: 丝带\胚染\罗纹带 | R154: 新变体 | S154: 2020-07-07 08:36:00 +01:00
A155: 3DB-SJ02-2-0000264 | B155: X0016ADG2F | C155: 3DB-SJ02-2-0000264 | D155: =_xlfn.XLOOKUP(C155,[1]单个产品!$A:$A,[1]单个产品!$F:$F) -> LD-PZ-SM-BZ-12-025 | E155: B083HT9RSG | F155: =_xlfn.XLOOKUP(C155,[1]单个产品!$A:$A,[1]单个产品!$U:$U) -> 标准 | G155: 在售 | H155: B07JZY66ZK | I155: VATIN 38mm Wide Double Faced Polyester Apple Green Satin Ribbon Continuous Ribbon- 23 Metre, Perfect for Wedding, Gift Wrapping, Bow Making& Other Projects | J155: VATIN-UK | K155: 英国 | L155: FBA | M155: VATIN | N155: [size:38mm X 23 Metres];[color:Apple Green] | O155: 涤纶带-普通织边-双面织-标准-12分-25码-Apple | P155: 丝带\胚染\涤纶带 | R155: 新变体 | S155: 2020-04-28 07:04:26 +01:00
... A166: 3DB-SJ01-1-0000056 | B166: X001QEVXJT | C166: 3DB-SJ01-1-0000056 | D166: =_xlfn.XLOOKUP(C166,[1]单个产品!$A:$A,[1]单个产品!$F:$F) -> DL-DD-PZ-DM-BZ-06-025 | E166: B0BX9N54WT | F166: =_xlfn.XLOOKUP(C166,[1]单个产品!$A:$A,[1]单个产品!$U:$U) -> 标准 | G166: 在售 | H166: B0BX9G9V6V | I166: VATIN Royal Blue Satin Ribbon Polyester 20mm X 23m(25 Yards) Craft Fabric Ribbon Perfect for Gift Wrapping,Hair Bow,Party Balloon Trimming, Cake Decoration Sewing and Other Craft Projects | J166: VATIN-UK | K166: 英国 | L166: FBA | M166: VATIN | N166: [size:20mm X 23 Meters];[color:Royal Blue] | O166: 涤纶-缎带-普通织边-单面织-标准-6分-25码-Royal | P166: 丝带\胚染\缎带 | R166: 维护 | S166: 2023-03-03 02:01:37 +00:00
A167: 3DB-SJ14-1-0000020 | B167: X001U73LTR | C167: 3DB-SJ14-1-0000020 | D167: =_xlfn.XLOOKUP(C167,[1]单个产品!$A:$A,[1]单个产品!$F:$F) -> DL-RM-QB-BZ-32-022 | E167: B0BZHPV1HR | F167: =_xlfn.XLOOKUP(C167,[1]单个产品!$A:$A,[1]单个产品!$U:$U) -> 标准 | G167: 在售 | H167: B0CDP5VZ69 | I167: VATIN 4 Inch x 22 Yards Wide Gold Satin Solid Ribbon for Grand Opening Ceremony Kit, Chairs, Pageant Sashes, Table, Hair, Car Bows, Gift Wrapping, Wedding Party, Festival Decoration | J167: VATIN-UK | K167: 英国 | L167: FBA | M167: VATIN | N167: [size:4" x 22 Yard];[color:Gold] | O167: 涤纶-缎面布-切边-标准-32分-22码-Gold | P167: 丝带\布料加工\涤纶布 | S167: 2023-08-11 04:52:50 +01:00
A168: 3DB-SJ09-1-0000313 | B168: X0023K7IF3 | C168: 3DB-SJ09-1-0000313 | D168: =_xlfn.XLOOKUP(C168,[1]单个产品!$A:$A,[1]单个产品!$F:$F) -> NL-SR-PZ-DM-BZ-03-025 | E168: B0D9M2KYPM | F168: =_xlfn.XLOOKUP(C168,[1]单个产品!$A:$A,[1]单个产品!$U:$U) -> 标准 | G168: 停售 | H168: B08B5YK3K2 | I168: VATIN 10mm Wide Nylon Woven Vintage Spring Green Velvet Ribbons by 23 Metres Spool, Perfect use for Choker, Gift Wrapping, Floral Bouquets, Home Décor | J168: VATIN-UK | K168: 英国 | L168: FBA | M168: VATIN | N168: [size:10MM];[color:Spring Green] | O168: 尼龙-丝绒带-普通织边-单面织-标准-3分-25码-Spring Green | P168: 丝带\胚染\丝绒带 | R168: 维护,Q4,Q1 | S168: 2024-08-07 08:55:19 +01:00
A169: 3DB-SJ01-1-0000037 | B169: X001QEVYF7 | C169: 3DB-SJ01-1-0000037 | D169: =_xlfn.XLOOKUP(C169,[1]单个产品!$A:$A,[1]单个产品!$F:$F) -> DL-DD-PZ-DM-BZ-02-025 | E169: B0BX9PS6QP | F169: =_xlfn.XLOOKUP(C169,[1]单个产品!$A:$A,[1]单个产品!$U:$U) -> 标准 | G169: 停售 | H169: B0BX9G9V6V | I169: VATIN Navy Satin Ribbon Polyester 6mm X 23m(25 Yards) Craft Fabric Ribbon Perfect for Gift Wrapping,Hair Bow,Party Balloon Trimming, Cake Decoration Sewing and Other Craft Projects | J169: VATIN-UK | K169: 英国 | L169: FBA | M169: VATIN | N169: [size:6mm X 23 Meters];[color:Navy Blue] | O169: 涤纶-缎带-普通织边-单面织-标准-2分-25码-Navy | P169: 丝带\胚染\缎带 | R169: 维护,战略 | S169: 2023-03-03 02:01:37 +00:00
A170: 3DB-SJ02-2-0000796 | B170: X00290FBAB | C170: 3DB-SJ02-2-0000796 | D170: =_xlfn.XLOOKUP(C170,[1]单个产品!$A:$A,[1]单个产品!$F:$F) -> LD-PZ-SM-BZ-02-050 | E170: B0CL6FWVBS | F170: =_xlfn.XLOOKUP(C170,[1]单个产品!$A:$A,[1]单个产品!$U:$U) -> 标准 | G170: 在售 | H170: B07JZY66ZK | I170: VATIN Double Face Pink Satin Ribbon 1/4" Continuous 50 Yards,Pink Polyester Fabric Ribbon use for Bows Bouquet, Gift Wrapping, Floral Arrangement Wedding Decoration | J170: VATIN-UK | K170: 英国 | L170: FBA | M170: VATIN | N170: [size:1/4" X 50 Yards];[color:Pink] | O170: 涤纶带-普通织边-双面织-标准-2分-50码-Pink | P170: 丝带\胚染\涤纶带 | R170: 新变体 | S170: 2025-03-04 08:12:25 +00:00
A171: 3DB-SJ02-2-0000799 | B171: X00290FIDV | C171: 3DB-SJ02-2-0000799 | D171: =_xlfn.XLOOKUP(C171,[1]单个产品!$A:$A,[1]单个产品!$F:$F) -> LD-PZ-SM-BZ-08-025 | E171: B0CL6VMXVH | F171: =_xlfn.XLOOKUP(C171,[1]单个产品!$A:$A,[1]单个产品!$U:$U) -> 标准 | G171: 在售 | H171: B07JZY66ZK | I171: VATIN 1 inches Double Faced Polyester Satin Ribbon Pink - Continuous 25 Yards for Gift Wrapping Ornaments Party Favor Braids Baby Shower Decoration Floral Arrangement Craft Supplies | J171: VATIN-UK | K171: 英国 | L171: FBA | M171: VATIN | N171: [size:1" x 25 Yards];[color:Pink] | O171: 涤纶带-普通织边-双面织-标准-8分-25码-Pink | P171: 丝带\胚染\涤纶带 | R171: 新变体 | S171: 2025-03-04 08:12:21 +00:00
A172: 3DB-SJ02-2-0000802 | B172: X00290FBJR | C172: 3DB-SJ02-2-0000802 | D172: =_xlfn.XLOOKUP(C172,[1]单个产品!$A:$A,[1]单个产品!$F:$F) -> LD-PZ-SM-BZ-02-050 | E172: B0CL6FBTZG | F172: =_xlfn.XLOOKUP(C172,[1]单个产品!$A:$A,[1]单个产品!$U:$U) -> 标准 | G172: 在售 | H172: B07JZY66ZK | I172: VATIN Double Face Champagne Gold Satin Ribbon 1/4" Continuous 50 Yards,Gold Polyester Fabric Ribbon use for Bows Bouquet, Gift Wrapping, Floral Arrangement Wedding Decoration | J172: VATIN-UK | K172: 英国 | L172: FBA | M172: VATIN | N172: [size:1/4" X 50 Yards];[color:Gold Champagne] | O172: 涤纶带-普通织边-双面织-标准-2分-50码-Champagne | P172: 丝带\胚染\涤纶带 | R172: 新变体 | S172: 2025-03-04 08:13:27 +00:00
A173: 3DB-SJ02-2-0000803 | B173: X00290O1VB | C173: 3DB-SJ02-2-0000803 | D173: =_xlfn.XLOOKUP(C173,[1]单个产品!$A:$A,[1]单个产品!$F:$F) -> LD-PZ-SM-BZ-03-050 | E173: B0CL6FPFWQ | F173: =_xlfn.XLOOKUP(C173,[1]单个产品!$A:$A,[1]单个产品!$U:$U) -> 标准 | G173: 在售 | H173: B07JZY66ZK | I173: VATIN 3/8 inches Double Faced Polyester Satin Ribbon Champagne Gold - 50 Yards for Gift Wrapping Ornaments Party Favor Braids Baby Shower Decoration Floral Arrangement Craft Supplies | J173: VATIN-UK | K173: 英国 | L173: FBA | M173: VATIN | N173: [size:3/8" X 50 Yards];[color:Gold Champagne] | O173: 涤纶带-普通织边-双面织-标准-3分-50码-Champagne | P173: 丝带\胚染\涤纶带 | R173: 新变体 | S173: 2025-03-04 08:17:45 +00:00
A174: 3DB-SJ02-2-0000805 | B174: X00290O1WP | C174: 3DB-SJ02-2-0000805 | D174: =_xlfn.XLOOKUP(C174,[1]单个产品!$A:$A,[1]单个产品!$F:$F) -> LD-PZ-SM-BZ-08-025 | E174: B0CL6GZ6RX | F174: =_xlfn.XLOOKUP(C174,[1]单个产品!$A:$A,[1]单个产品!$U:$U) -> 标准 | G174: 在售 | H174: B07JZY66ZK | I174: VATIN 1 inches Double Faced Polyester Satin Ribbon Champagne Gold - Continuous 25 Yards for Gift Wrapping Ornaments Party Favor Braids Baby Shower Decoration Floral Arrangement Craft Supplies | J174: VATIN-UK | K174: 英国 | L174: FBA | M174: VATIN | N174: [size:1" x 25 Yards];[color:Gold Champagne] | O174: 涤纶带-普通织边-双面织-标准-8分-25码-Champagne | P174: 丝带\胚染\涤纶带 | R174: 新变体 | S174: 2025-03-04 08:17:45 +00:00
A175: 3DB-SJ02-2-0001539 | B175: X0027LQN3L | C175: 3DB-SJ02-2-0001539 | D175: =_xlfn.XLOOKUP(C175,[1]单个产品!$A:$A,[1]单个产品!$F:$F) -> LD-PZ-SM-BZ-03-050 | E175: B0D7Q2X3C2 | F175: =_xlfn.XLOOKUP(C175,[1]单个产品!$A:$A,[1]单个产品!$U:$U) -> 标准 | G175: 在售 | H175: B07JZY66ZK | I175: VATIN Double Face Rose Gold Satin Ribbon 3/8" Continuous 50 Yards,Gold Polyester Fabric Ribbon use for Bows Bouquet, Gift Wrapping, Floral Arrangement Wedding Decoration | J175: VATIN-UK | K175: 英国 | L175: FBA | M175: VATIN | N175: [size:3/8" X 50 Yards];[color:Gold Rose] | O175: 涤纶带-普通织边-双面织-标准-3分-50码-Rose Gold | P175: 丝带\胚染\涤纶带 | R175: 新变体 | S175: 2025-01-02 17:05:42 +00:00
A176: 3DB-SJ02-2-0001629 | B176: X0026U2V7Z | C176: 3DB-SJ02-2-0001629 | D176: =_xlfn.XLOOKUP(C176,[1]单个产品!$A:$A,[1]单个产品!$F:$F) -> LD-PZ-SM-BZ-12-025 | E176: B0D7Q23WCB | F176: =_xlfn.XLOOKUP(C176,[1]单个产品!$A:$A,[1]单个产品!$U:$U) -> 标准 | G176: 在售 | H176: B07JZY66ZK | I176: VATIN Double Face Lemon Yellow Satin Ribbon 1-1/2" Continuous 25 Yards,Yellow Polyester Fabric Ribbon use for Bows Bouquet, Gift Wrapping, Floral Arrangement Wedding Decoration | J176: VATIN-UK | K176: 英国 | L176: FBA | M176: VATIN | N176: [size:1-1/2" x 25 Yards];[color:Yellow Lemon] | O176: 涤纶带-普通织边-双面织-标准-12分-25码-Lemon | P176: 丝带\胚染\涤纶带 | R176: 新变体 | S176: 2024-12-06 03:16:50 +00:00
A177: 3DB-SJ02-2-0001623 | B177: X0026U0TGF | C177: 3DB-SJ02-2-0001623 | D177: =_xlfn.XLOOKUP(C177,[1]单个产品!$A:$A,[1]单个产品!$F:$F) -> LD-PZ-SM-BZ-12-025 | E177: B0D7Q2XQSR | F177: =_xlfn.XLOOKUP(C177,[1]单个产品!$A:$A,[1]单个产品!$U:$U) -> 标准 | G177: 在售 | H177: B07JZY66ZK | I177: VATIN Double Face Silver Satin Ribbon 1-1/2" Continuous 25 Yards,Silver Polyester Fabric Ribbon use for Bows Bouquet, Gift Wrapping, Floral Arrangement Wedding Decoration | J177: VATIN-UK | K177: 英国 | L177: FBA | M177: VATIN | N177: [size:1-1/2" x 25 Yards];[color:Silver] | O177: 涤纶带-普通织边-双面织-标准-12分-25码-Silver | P177: 丝带\胚染\涤纶带 | R177: 新变体 | S177: 2024-12-06 02:24:47 +00:00
A178: 3DB-SJ02-2-0001620 | B178: X0026U0PMX | C178: 3DB-SJ02-2-0001620 | D178: =_xlfn.XLOOKUP(C178,[1]单个产品!$A:$A,[1]单个产品!$F:$F) -> LD-PZ-SM-BZ-12-025 | E178: B0D7Q3QDMD | F178: =_xlfn.XLOOKUP(C178,[1]单个产品!$A:$A,[1]单个产品!$U:$U) -> 标准 | G178: 在售 | H178: B07JZY66ZK | I178: VATIN Double Face Lilac Satin Ribbon 1-1/2" Continuous 25 Yards,Purple Polyester Fabric Ribbon use for Bows Bouquet, Gift Wrapping, Floral Arrangement Wedding Decoration | J178: VATIN-UK | K178: 英国 | L178: FBA | M178: VATIN | N178: [size:1-1/2" x 25 Yards];[color:Purple Lilac] | O178: 涤纶带-普通织边-双面织-标准-12分-25码-Lilac | P178: 丝带\胚染\涤纶带 | R178: 新变体 | S178: 2024-12-06 02:24:24 +00:00
A179: 3DB-SJ08-0-0001060 | B179: X0026LMLID | C179: 3DB-SJ08-0-0001060 | D179: =_xlfn.XLOOKUP(C179,[1]单个产品!$A:$A,[1]单个产品!$F:$F) -> DL-LW-PZ-BZ-03-050 | E179: B0DJGCRLJ4 | F179: =_xlfn.XLOOKUP(C179,[1]单个产品!$A:$A,[1]单个产品!$U:$U) -> 标准 | G179: 在售 | H179: B08F9SSDKB | I179: VATIN Solid 10 mm X 45 Metres Deep Sage Grosgrain Ribbon 45 Metres Each Roll Perfect for Crafts, Wedding Decor, DIY Hair Accessories, Sewing, Gift Package Wrapping and More | J179: VATIN-UK | K179: 英国 | L179: FBA | M179: VATIN | N179: [size:10 mm X 45 Metre];[color:Deep Sage] | O179: 涤纶-罗纹带-普通织边-标准-3分-50码-Dk.Sage | P179: 丝带\胚染\罗纹带 | R179: 新变体 | S179: 2024-11-27 05:34:54 +00:00
... A233: 3DB-SJ08-0-0001103 | B233: X0025IQJYT | C233: 3DB-SJ08-0-0001103 | D233: =_xlfn.XLOOKUP(C233,[1]单个产品!$A:$A,[1]单个产品!$F:$F) -> DL-LW-PZ-BZ-08-025 | E233: B0DJGC8N7W | F233: =_xlfn.XLOOKUP(C233,[1]单个产品!$A:$A,[1]单个产品!$U:$U) -> 标准 | G233: 在售 | H233: B08F9SSDKB | I233: VATIN 25 mm Teal Grosgrain Ribbon 23 Metres Perfect for Wedding Decor, Wreath, Baby Shower,Gift Package Wrapping and Other Projects | J233: VATIN-UK | K233: 英国 | L233: FBA | M233: VATIN | N233: [size:25 mm X 23 Metre];[color:Teal] | O233: 涤纶-罗纹带-普通织边-标准-8分-25码-Teal | P233: 丝带\胚染\罗纹带 | R233: 维护 | S233: 2024-10-14 04:01:20 +01:00
A234: 3DB-SJ08-0-0001045 | B234: X0025IP7AL | C234: 3DB-SJ08-0-0001045 | D234: =_xlfn.XLOOKUP(C234,[1]单个产品!$A:$A,[1]单个产品!$F:$F) -> DL-LW-PZ-BZ-02-050 | E234: B0DJGBX2PG | F234: =_xlfn.XLOOKUP(C234,[1]单个产品!$A:$A,[1]单个产品!$U:$U) -> 标准 | G234: 在售 | H234: B0DJGBX2PG | I234: VATIN Solid 6 mm X 45 Metres Navy Blue Grosgrain Ribbon 45 Metres Each Roll Perfect for Crafts, Wedding Decor, DIY Hair Accessories, Sewing, Gift Package Wrapping and More | J234: VATIN-UK | K234: 英国 | L234: FBA | M234: VATIN | O234: 涤纶-罗纹带-普通织边-标准-2分-50码-Navy | P234: 丝带\胚染\罗纹带 | R234: 维护 | S234: 2024-10-14 04:01:20 +01:00
A235: 3DB-SJ08-0-0001051 | B235: X0025IOGCV | C235: 3DB-SJ08-0-0001051 | D235: =_xlfn.XLOOKUP(C235,[1]单个产品!$A:$A,[1]单个产品!$F:$F) -> DL-LW-PZ-BZ-03-050 | E235: B0DJGC3LL6 | F235: =_xlfn.XLOOKUP(C235,[1]单个产品!$A:$A,[1]单个产品!$U:$U) -> 标准 | G235: 在售 | H235: B0DJGC3LL6 | I235: VATIN Solid 10 mm X 45 Metres Burgundy Grosgrain Ribbon 45 Metres Each Roll Perfect for Crafts, Wedding Decor, DIY Hair Accessories, Sewing, Gift Package Wrapping and More | J235: VATIN-UK | K235: 英国 | L235: FBA | M235: VATIN | O235: 涤纶-罗纹带-普通织边-标准-3分-50码-Burgundy | P235: 丝带\胚染\罗纹带 | R235: 新变体 | S235: 2024-10-14 04:01:20 +01:00
A236: 3DB-SJ08-0-0001064 | B236: X0025IND9N | C236: 3DB-SJ08-0-0001064 | D236: =_xlfn.XLOOKUP(C236,[1]单个产品!$A:$A,[1]单个产品!$F:$F) -> DL-LW-PZ-BZ-03-050 | E236: B0DJGD54CD | F236: =_xlfn.XLOOKUP(C236,[1]单个产品!$A:$A,[1]单个产品!$U:$U) -> 标准 | G236: 在售 | H236: B0DJGD54CD | I236: VATIN Solid 10 mm X 45 Metres Navy Blue Grosgrain Ribbon 45 Metres Each Roll Perfect for Crafts, Wedding Decor, DIY Hair Accessories, Sewing, Gift Package Wrapping and More | J236: VATIN-UK | K236: 英国 | L236: FBA | M236: VATIN | O236: 涤纶-罗纹带-普通织边-标准-3分-50码-Navy | P236: 丝带\胚染\罗纹带 | R236: 维护 | S236: 2024-10-14 04:01:20 +01:00
A237: 3DB-SJ08-0-0001037 | B237: X0025IRDPX | C237: 3DB-SJ08-0-0001037 | D237: =_xlfn.XLOOKUP(C237,[1]单个产品!$A:$A,[1]单个产品!$F:$F) -> DL-LW-PZ-BZ-02-050 | E237: B0DJGC4ZLF | F237: =_xlfn.XLOOKUP(C237,[1]单个产品!$A:$A,[1]单个产品!$U:$U) -> 标准 | G237: 在售 | H237: B08F9SSDKB | I237: VATIN Solid 6 mm X 45 Metres Light Pink Grosgrain Ribbon 45 Metres Each Roll Perfect for Crafts, Wedding Decor, DIY Hair Accessories, Sewing, Gift Package Wrapping and More | J237: VATIN-UK | K237: 英国 | L237: FBA | M237: VATIN | N237: [size:6 mm X 45 Metre];[color:Light Pink] | O237: 涤纶-罗纹带-普通织边-标准-2分-50码-Lt.Pink | P237: 丝带\胚染\罗纹带 | R237: 维护 | S237: 2024-10-14 04:01:20 +01:00
A238: 3DB-SJ08-0-0001096 | B238: X0025IND1L | C238: 3DB-SJ08-0-0001096 | D238: =_xlfn.XLOOKUP(C238,[1]单个产品!$A:$A,[1]单个产品!$F:$F) -> DL-LW-PZ-BZ-08-025 | E238: B0DJGBJTTW | F238: =_xlfn.XLOOKUP(C238,[1]单个产品!$A:$A,[1]单个产品!$U:$U) -> 标准 | G238: 在售 | H238: B08F9SSDKB | I238: VATIN 25 mm Forest Green Grosgrain Ribbon 23 Metres Perfect for Wedding Decor, Wreath, Baby Shower,Gift Package Wrapping and Other Projects | J238: VATIN-UK | K238: 英国 | L238: FBA | M238: VATIN | N238: [size:25 mm X 23 Metre];[color:Forest Green] | O238: 涤纶-罗纹带-普通织边-标准-8分-25码-Forest | P238: 丝带\胚染\罗纹带 | R238: 新变体 | S238: 2024-10-14 04:01:20 +01:00
A239: 3DB-SJ08-0-0001114 | B239: X0025IQK25 | C239: 3DB-SJ08-0-0001114 | D239: =_xlfn.XLOOKUP(C239,[1]单个产品!$A:$A,[1]单个产品!$F:$F) -> DL-LW-PZ-BZ-12-025 | E239: B0DJG9HT75 | F239: =_xlfn.XLOOKUP(C239,[1]单个产品!$A:$A,[1]单个产品!$U:$U) -> 标准 | G239: 在售 | H239: B08F9SSDKB | I239: VATIN 38 mm Solid Royal Blue Grosgrain Ribbon Spool -23 Metres, Great for Sewing, Gift Wrapping, Hair Bows, Flower Arranging, Home Decorating | J239: VATIN-UK | K239: 英国 | L239: FBA | M239: VATIN | N239: [size:38 mmX 23 Metre];[color:Royal Blue] | O239: 涤纶-罗纹带-普通织边-标准-12分-25码-Royal | P239: 丝带\胚染\罗纹带 | R239: 维护 | S239: 2024-10-14 04:01:20 +01:00
A240: 3DB-SJ08-0-0001038 | B240: X0025IREAR | C240: 3DB-SJ08-0-0001038 | D240: =_xlfn.XLOOKUP(C240,[1]单个产品!$A:$A,[1]单个产品!$F:$F) -> DL-LW-PZ-BZ-02-050 | E240: B0DJGCF3W3 | F240: =_xlfn.XLOOKUP(C240,[1]单个产品!$A:$A,[1]单个产品!$U:$U) -> 标准 | G240: 在售 | H240: B08F9SSDKB | I240: VATIN Solid 6 mm X 45 Metres Royal Blue Grosgrain Ribbon 45 Metres Each Roll Perfect for Crafts, Wedding Decor, DIY Hair Accessories, Sewing, Gift Package Wrapping and More | J240: VATIN-UK | K240: 英国 | L240: FBA | M240: VATIN | N240: [size:6 mm X 45 Metre];[color:Royal Blue] | O240: 涤纶-罗纹带-普通织边-标准-2分-50码-Royal | P240: 丝带\胚染\罗纹带 | R240: 维护 | S240: 2024-10-14 04:01:20 +01:00
A241: 3DB-SJ08-0-0001108 | B241: X0025IP8E1 | C241: 3DB-SJ08-0-0001108 | D241: =_xlfn.XLOOKUP(C241,[1]单个产品!$A:$A,[1]单个产品!$F:$F) -> DL-LW-PZ-BZ-12-025 | E241: B0DJGCZ4JF | F241: =_xlfn.XLOOKUP(C241,[1]单个产品!$A:$A,[1]单个产品!$U:$U) -> 标准 | G241: 在售 | H241: B08F9SSDKB | I241: VATIN 38 mm Solid Burgundy Grosgrain Ribbon Spool -23 Metres, Great for Sewing, Gift Wrapping, Hair Bows, Flower Arranging, Home Decorating | J241: VATIN-UK | K241: 英国 | L241: FBA | M241: VATIN | N241: [size:38 mmX 23 Metre];[color:Burgundy] | O241: 涤纶-罗纹带-普通织边-标准-12分-25码-Burgundy | P241: 丝带\胚染\罗纹带 | R241: 新变体 | S241: 2024-10-14 04:01:20 +01:00
A242: 3DB-SJ08-0-0001113 | B242: X0025IP8I7 | C242: 3DB-SJ08-0-0001113 | D242: =_xlfn.XLOOKUP(C242,[1]单个产品!$A:$A,[1]单个产品!$F:$F) -> DL-LW-PZ-BZ-12-025 | E242: B0DJGC3DGB | F242: =_xlfn.XLOOKUP(C242,[1]单个产品!$A:$A,[1]单个产品!$U:$U) -> 标准 | G242: 在售 | H242: B08F9SSDKB | I242: VATIN 38 mm Solid Light Pink Grosgrain Ribbon Spool -23 Metres, Great for Sewing, Gift Wrapping, Hair Bows, Flower Arranging, Home Decorating | J242: VATIN-UK | K242: 英国 | L242: FBA | M242: VATIN | N242: [size:38 mmX 23 Metre];[color:Light Pink] | O242: 涤纶-罗纹带-普通织边-标准-12分-25码-Lt.Pink | P242: 丝带\胚染\罗纹带 | R242: 维护 | S242: 2024-10-14 04:01:20 +01:00
A243: 3DB-SJ08-0-0001033 | B243: X0025IRE5H | C243: 3DB-SJ08-0-0001033 | D243: =_xlfn.XLOOKUP(C243,[1]单个产品!$A:$A,[1]单个产品!$F:$F) -> DL-LW-PZ-BZ-02-050 | E243: B0DJGBM26G | F243: =_xlfn.XLOOKUP(C243,[1]单个产品!$A:$A,[1]单个产品!$U:$U) -> 标准 | G243: 在售 | H243: B08F9SSDKB | I243: VATIN Solid 6 mm X 45 Metres Purple Grosgrain Ribbon 45 Metres Each Roll Perfect for Crafts, Wedding Decor, DIY Hair Accessories, Sewing, Gift Package Wrapping and More | J243: VATIN-UK | K243: 英国 | L243: FBA | M243: VATIN | N243: [size:6 mm X 45 Metre];[color:Purple] | O243: 涤纶-罗纹带-普通织边-标准-2分-50码-Purple | P243: 丝带\胚染\罗纹带 | R243: 维护 | S243: 2024-10-14 04:01:20 +01:00
A244: 3DB-SJ08-0-0001054 | B244: X0025IOFK9 | C244: 3DB-SJ08-0-0001054 | D244: =_xlfn.XLOOKUP(C244,[1]单个产品!$A:$A,[1]单个产品!$F:$F) -> DL-LW-PZ-BZ-03-050 | E244: B0DJGCQMC9 | F244: =_xlfn.XLOOKUP(C244,[1]单个产品!$A:$A,[1]单个产品!$U:$U) -> 标准 | G244: 在售 | H244: B0DJGCQMC9 | I244: VATIN Solid 10 mm X 45 Metres Emerald Green Grosgrain Ribbon 45 Metres Each Roll Perfect for Crafts, Wedding Decor, DIY Hair Accessories, Sewing, Gift Package Wrapping and More | J244: VATIN-UK | K244: 英国 | L244: FBA | M244: VATIN | O244: 涤纶-罗纹带-普通织边-标准-3分-50码-Emerald | P244: 丝带\胚染\罗纹带 | R244: 维护 | S244: 2024-10-14 04:01:20 +01:00
A245: 3DB-SJ08-0-0001104 | B245: X0025IRDYT | C245: 3DB-SJ08-0-0001104 | D245: =_xlfn.XLOOKUP(C245,[1]单个产品!$A:$A,[1]单个产品!$F:$F) -> DL-LW-PZ-BZ-08-025 | E245: B0DJGCFT9S | F245: =_xlfn.XLOOKUP(C245,[1]单个产品!$A:$A,[1]单个产品!$U:$U) -> 标准 | G245: 在售 | H245: B08F9SSDKB | I245: VATIN 25 mm Turquoise Grosgrain Ribbon 23 Metres Perfect for Wedding Decor, Wreath, Baby Shower,Gift Package Wrapping and Other Projects | J245: VATIN-UK | K245: 英国 | L245: FBA | M245: VATIN | N245: [size:25 mm X 23 Metre];[color:Turquoise] | O245: 涤纶-罗纹带-普通织边-标准-8分-25码-Turquoise | P245: 丝带\胚染\罗纹带 | R245: 维护 | S245: 2024-10-14 04:01:20 +01:00
A246: 3DB-SJ08-0-0001121 | B246: X0025IRDVR | C246: 3DB-SJ08-0-0001121 | D246: =_xlfn.XLOOKUP(C246,[1]单个产品!$A:$A,[1]单个产品!$F:$F) -> DL-LW-PZ-BZ-12-025 | E246: B0DJGBWLXQ | F246: =_xlfn.XLOOKUP(C246,[1]单个产品!$A:$A,[1]单个产品!$U:$U) -> 标准 | G246: 在售 | H246: B08F9SSDKB | I246: VATIN 38 mm Solid Navy Blue Grosgrain Ribbon Spool -23 Metres, Great for Sewing, Gift Wrapping, Hair Bows, Flower Arranging, Home Decorating | J246: VATIN-UK | K246: 英国 | L246: FBA | M246: VATIN | N246: [size:38 mmX 23 Metre];[color:Navy Blue] | O246: 涤纶-罗纹带-普通织边-标准-12分-25码-Navy | P246: 丝带\胚染\罗纹带 | R246: 维护 | S246: 2024-10-14 04:01:20 +01:00
A247: 3DB-SJ08-0-0001097 | B247: X0025IOGCB | C247: 3DB-SJ08-0-0001097 | D247: =_xlfn.XLOOKUP(C247,[1]单个产品!$A:$A,[1]单个产品!$F:$F) -> DL-LW-PZ-BZ-08-025 | E247: B0DJGC9JHX | F247: =_xlfn.XLOOKUP(C247,[1]单个产品!$A:$A,[1]单个产品!$U:$U) -> 标准 | G247: 在售 | H247: B08F9SSDKB | I247: VATIN 25 mm Spring Moss Grosgrain Ribbon 23 Metres Perfect for Wedding Decor, Wreath, Baby Shower,Gift Package Wrapping and Other Projects | J247: VATIN-UK | K247: 英国 | L247: FBA | M247: VATIN | N247: [size:25 mm X 23 Metre];[color:Spring Moss] | O247: 涤纶-罗纹带-普通织边-标准-8分-25码-Spring Moss | P247: 丝带\胚染\罗纹带 | R247: 维护 | S247: 2024-10-14 04:01:20 +01:00
A248: 3DB-SJ08-0-0001039 | B248: X0025IP7JR | C248: 3DB-SJ08-0-0001039 | D248: =_xlfn.XLOOKUP(C248,[1]单个产品!$A:$A,[1]单个产品!$F:$F) -> DL-LW-PZ-BZ-02-050 | E248: B0DJGD5JFL | F248: =_xlfn.XLOOKUP(C248,[1]单个产品!$A:$A,[1]单个产品!$U:$U) -> 标准 | G248: 在售 | H248: B08F9SSDKB | I248: VATIN Solid 6 mm X 45 Metres Forest Green Grosgrain Ribbon 45 Metres Each Roll Perfect for Crafts, Wedding Decor, DIY Hair Accessories, Sewing, Gift Package Wrapping and More | J248: VATIN-UK | K248: 英国 | L248: FBA | M248: VATIN | N248: [size:6 mm X 45 Metre];[color:Forest Green] | O248: 涤纶-罗纹带-普通织边-标准-2分-50码-Forest | P248: 丝带\胚染\罗纹带 | R248: 维护 | S248: 2024-10-14 04:01:20 +01:00
A249: 3DB-SJ08-0-0001107 | B249: X0025IP73X | C249: 3DB-SJ08-0-0001107 | D249: =_xlfn.XLOOKUP(C249,[1]单个产品!$A:$A,[1]单个产品!$F:$F) -> DL-LW-PZ-BZ-12-025 | E249: B0DJGCKMSD | F249: =_xlfn.XLOOKUP(C249,[1]单个产品!$A:$A,[1]单个产品!$U:$U) -> 标准 | G249: 在售 | H249: B08F9SSDKB | I249: VATIN 38 mm Solid Silver Grosgrain Ribbon Spool -23 Metres, Great for Sewing, Gift Wrapping, Hair Bows, Flower Arranging, Home Decorating | J249: VATIN-UK | K249: 英国 | L249: FBA | M249: VATIN | N249: [size:38 mmX 23 Metre];[color:Silver] | O249: 涤纶-罗纹带-普通织边-标准-12分-25码-Silver | P249: 丝带\胚染\罗纹带 | R249: 维护 | S249: 2024-10-14 04:01:20 +01:00
...
